Partner_Code,partner_name,invoice_id,schedule_id,installment_number,transaction_line_type,invoice_number,invoice_date,invoice_currency,invoice_amount,installment_due_date,installment_amount,payment_id,payment_date,payment_amount,allocated_amount,payment_mode_code,payment_channel,payment_reference,adjustment_amount,invoice_status,installment_status,dispute_status,reason_code,notes,created_at,updated_at
E10394,Partner_E10394,INV-E10394-1,INV-E10394-1-SCH-1,1,INVOICE,INV-E10394-1,12/19/2024,INR,1173.61,1/18/2025,586.8,PAY-E10394-1-1,1/8/2025,586.8,586.8,WALLET,Portal,REF-48829,,paid,issued,in_review,PRICING_DISPUTE,,12/19/2024,2/11/2025
E10394,Partner_E10394,INV-E10394-1,INV-E10394-1-SCH-2,2,INVOICE,INV-E10394-1,12/19/2024,INR,1173.61,2/17/2025,586.8,PAY-E10394-1-2,2/15/2025,586.8,586.8,BANK_TRANSFER,API,REF-16230,-63.36,paid,partially_paid,,,,12/19/2024,2/9/2025
E10394,Partner_E10394,INV-E10394-2,INV-E10394-2-SCH-1,1,INVOICE,INV-E10394-2,2/11/2024,EUR,6221.39,3/12/2024,3110.7,PAY-E10394-2-1,3/12/2024,3110.7,3110.7,BANK_TRANSFER,Portal,REF-27523,,partially_paid,issued,,,,2/11/2024,3/19/2024
E10394,Partner_E10394,INV-E10394-2,INV-E10394-2-SCH-2,2,INVOICE,INV-E10394-2,2/11/2024,EUR,6221.39,4/11/2024,3110.7,PAY-E10394-2-2,4/5/2024,3110.7,3110.7,NETTING,API,REF-51084,,partially_paid,partially_paid,,,,2/11/2024,4/22/2024
E10394,Partner_E10394,INV-E10394-3,INV-E10394-3-SCH-1,1,INVOICE,INV-E10394-3,3/27/2024,EUR,4688.5,4/26/2024,2344.25,PAY-E10394-3-1,4/24/2024,2344.25,2344.25,BANK_TRANSFER,Manual,REF-41285,,partially_paid,partially_paid,,,,3/27/2024,6/21/2024
E10394,Partner_E10394,INV-E10394-3,INV-E10394-3-SCH-2,2,INVOICE,INV-E10394-3,3/27/2024,EUR,4688.5,5/26/2024,2344.25,PAY-E10394-3-2,5/22/2024,2344.25,2344.25,BANK_TRANSFER,Manual,REF-32090,,partially_paid,issued,,,,3/27/2024,6/5/2024
E10394,Partner_E10394,INV-E10394-4,INV-E10394-4-SCH-1,1,INVOICE,INV-E10394-4,7/22/2024,USD,9947.18,8/21/2024,3315.73,PAY-E10394-4-1,8/15/2024,3315.73,3315.73,NETTING,API,REF-71708,,overdue,partially_paid,,,,7/22/2024,10/3/2024
E10394,Partner_E10394,INV-E10394-4,INV-E10394-4-SCH-2,2,INVOICE,INV-E10394-4,7/22/2024,USD,9947.18,9/20/2024,3315.73,PAY-E10394-4-2,9/20/2024,3315.73,3315.73,CARD,Manual,REF-46121,,overdue,issued,,,,7/22/2024,8/23/2024
E10394,Partner_E10394,INV-E10394-4,INV-E10394-4-SCH-3,3,INVOICE,INV-E10394-4,7/22/2024,USD,9947.18,10/20/2024,3315.73,PAY-E10394-4-3,10/15/2024,3315.73,3315.73,CHEQUE,API,REF-39847,-198.94,overdue,issued,,,,7/22/2024,10/15/2024
E10394,Partner_E10394,INV-E10394-5,INV-E10394-5-SCH-1,1,INVOICE,INV-E10394-5,3/24/2024,EUR,9679.34,4/23/2024,4839.67,PAY-E10394-5-1,4/15/2024,4839.67,4839.67,BANK_TRANSFER,Portal,REF-63726,,cancelled,partially_paid,,,,3/24/2024,5/2/2024
E10394,Partner_E10394,INV-E10394-5,INV-E10394-5-SCH-2,2,INVOICE,INV-E10394-5,3/24/2024,EUR,9679.34,5/23/2024,4839.67,PAY-E10394-5-2,5/19/2024,4839.67,4839.67,CARD,API,REF-28390,,cancelled,partially_paid,,,,3/24/2024,4/15/2024
N10277,Partner_N10277,INV-N10277-1,INV-N10277-1-SCH-1,1,INVOICE,INV-N10277-1,3/23/2024,INR,1524.33,4/22/2024,508.11,,,,,,,,-193.11,paid,overdue,,,,3/23/2024,6/2/2024
N10277,Partner_N10277,INV-N10277-1,INV-N10277-1-SCH-2,2,INVOICE,INV-N10277-1,3/23/2024,INR,1524.33,5/22/2024,508.11,PAY-N10277-1-2,5/19/2024,508.11,508.11,CHEQUE,Portal,REF-55538,,paid,partially_paid,,,,3/23/2024,4/22/2024
N10277,Partner_N10277,INV-N10277-1,INV-N10277-1-SCH-3,3,INVOICE,INV-N10277-1,3/23/2024,INR,1524.33,6/21/2024,508.11,PAY-N10277-1-3,6/15/2024,508.11,508.11,WALLET,Manual,REF-28505,,paid,overdue,,,,3/23/2024,5/24/2024
N10277,Partner_N10277,INV-N10277-2,INV-N10277-2-SCH-1,1,INVOICE,INV-N10277-2,2/7/2024,USD,6356.66,3/8/2024,2118.89,PAY-N10277-2-1,3/2/2024,2118.89,2118.89,NETTING,API,REF-16899,,overdue,overdue,rejected,SERVICE_ISSUE,,2/7/2024,5/3/2024
N10277,Partner_N10277,INV-N10277-2,INV-N10277-2-SCH-2,2,INVOICE,INV-N10277-2,2/7/2024,USD,6356.66,4/7/2024,2118.89,PAY-N10277-2-2,3/28/2024,2118.89,2118.89,NETTING,Portal,REF-60679,,overdue,issued,,,,2/7/2024,3/2/2024
N10277,Partner_N10277,INV-N10277-2,INV-N10277-2-SCH-3,3,INVOICE,INV-N10277-2,2/7/2024,USD,6356.66,5/7/2024,2118.89,PAY-N10277-2-3,4/29/2024,2118.89,2118.89,CARD,Portal,REF-40519,,overdue,paid,,,,2/7/2024,3/26/2024
N10277,Partner_N10277,INV-N10277-3,INV-N10277-3-SCH-1,1,INVOICE,INV-N10277-3,11/28/2024,INR,6441.25,12/28/2024,3220.62,PAY-N10277-3-1,12/24/2024,3220.62,3220.62,NETTING,Manual,REF-75517,-53.04,paid,overdue,,,,11/28/2024,12/29/2024
N10277,Partner_N10277,INV-N10277-3,INV-N10277-3-SCH-2,2,INVOICE,INV-N10277-3,11/28/2024,INR,6441.25,1/27/2025,3220.62,,,,,,,,,paid,issued,,,,11/28/2024,2/26/2025
N10277,Partner_N10277,INV-N10277-4,INV-N10277-4-SCH-1,1,INVOICE,INV-N10277-4,1/9/2024,INR,5829.35,2/8/2024,1943.12,PAY-N10277-4-1,1/29/2024,1943.12,1943.12,CHEQUE,Portal,REF-77274,-68.6,paid,issued,,,,1/9/2024,2/1/2024
N10277,Partner_N10277,INV-N10277-4,INV-N10277-4-SCH-2,2,INVOICE,INV-N10277-4,1/9/2024,INR,5829.35,3/9/2024,1943.12,PAY-N10277-4-2,2/29/2024,1943.12,1943.12,NETTING,Portal,REF-57255,,paid,partially_paid,,,,1/9/2024,1/15/2024
N10277,Partner_N10277,INV-N10277-4,INV-N10277-4-SCH-3,3,INVOICE,INV-N10277-4,1/9/2024,INR,5829.35,4/8/2024,1943.12,PAY-N10277-4-3,3/30/2024,1943.12,1943.12,CHEQUE,Portal,REF-11767,-197.3,paid,overdue,rejected,PRICING_DISPUTE,,1/9/2024,3/23/2024
N10277,Partner_N10277,INV-N10277-5,INV-N10277-5-SCH-1,1,INVOICE,INV-N10277-5,10/12/2024,USD,5927.73,11/11/2024,2963.86,,,,,,,,,partially_paid,partially_paid,,,,10/12/2024,12/21/2024
N10277,Partner_N10277,INV-N10277-5,INV-N10277-5-SCH-2,2,INVOICE,INV-N10277-5,10/12/2024,USD,5927.73,12/11/2024,2963.86,PAY-N10277-5-2,12/10/2024,2963.86,2963.86,WALLET,Portal,REF-20374,,partially_paid,paid,open,CASH_FLOW,,10/12/2024,10/15/2024
S20902,Partner_S20902,INV-S20902-1,INV-S20902-1-SCH-1,1,INVOICE,INV-S20902-1,1/2/2024,EUR,1706.2,2/1/2024,1706.2,PAY-S20902-1-1,1/29/2024,1706.2,1706.2,NETTING,Manual,REF-51101,108.16,partially_paid,partially_paid,,,,1/2/2024,1/25/2024
S20902,Partner_S20902,INV-S20902-2,INV-S20902-2-SCH-1,1,INVOICE,INV-S20902-2,10/5/2024,EUR,7862.91,11/4/2024,3931.45,PAY-S20902-2-1,11/3/2024,3931.45,3931.45,BANK_TRANSFER,Manual,REF-59844,,cancelled,paid,,,,10/5/2024,12/26/2024
S20902,Partner_S20902,INV-S20902-2,INV-S20902-2-SCH-2,2,INVOICE,INV-S20902-2,10/5/2024,EUR,7862.91,12/4/2024,3931.45,PAY-S20902-2-2,12/3/2024,3931.45,3931.45,CHEQUE,Manual,REF-49138,,cancelled,paid,,,,10/5/2024,12/15/2024
S20902,Partner_S20902,INV-S20902-3,INV-S20902-3-SCH-1,1,INVOICE,INV-S20902-3,1/22/2024,USD,5442.36,2/21/2024,2721.18,PAY-S20902-3-1,2/11/2024,2721.18,2721.18,WALLET,API,REF-49918,,partially_paid,issued,resolved,PRICING_DISPUTE,,1/22/2024,4/6/2024
S20902,Partner_S20902,INV-S20902-3,INV-S20902-3-SCH-2,2,INVOICE,INV-S20902-3,1/22/2024,USD,5442.36,3/22/2024,2721.18,PAY-S20902-3-2,3/16/2024,2721.18,2721.18,CARD,Portal,REF-51988,,partially_paid,issued,rejected,CASH_FLOW,,1/22/2024,4/12/2024
N80555,Partner_N80555,INV-N80555-1,INV-N80555-1-SCH-1,1,INVOICE,INV-N80555-1,3/17/2024,USD,8227.57,4/16/2024,4113.78,PAY-N80555-1-1,4/16/2024,4113.78,4113.78,WALLET,API,REF-31733,,paid,issued,in_review,CASH_FLOW,,3/17/2024,4/18/2024
N80555,Partner_N80555,INV-N80555-1,INV-N80555-1-SCH-2,2,INVOICE,INV-N80555-1,3/17/2024,USD,8227.57,5/16/2024,4113.78,PAY-N80555-1-2,5/7/2024,4113.78,4113.78,BANK_TRANSFER,Manual,REF-51933,,paid,paid,,,,3/17/2024,5/21/2024
N80555,Partner_N80555,INV-N80555-2,INV-N80555-2-SCH-1,1,INVOICE,INV-N80555-2,2/21/2024,EUR,8840.51,3/22/2024,8840.51,PAY-N80555-2-1,3/18/2024,8840.51,8840.51,CHEQUE,Portal,REF-54351,,issued,overdue,,,,2/21/2024,2/24/2024
N80555,Partner_N80555,INV-N80555-3,INV-N80555-3-SCH-1,1,INVOICE,INV-N80555-3,3/17/2024,EUR,7088.53,4/16/2024,2362.84,PAY-N80555-3-1,4/8/2024,2362.84,2362.84,BANK_TRANSFER,Portal,REF-45109,,paid,overdue,,,,3/17/2024,5/15/2024
N80555,Partner_N80555,INV-N80555-3,INV-N80555-3-SCH-2,2,INVOICE,INV-N80555-3,3/17/2024,EUR,7088.53,5/16/2024,2362.84,PAY-N80555-3-2,5/12/2024,2362.84,2362.84,NETTING,Manual,REF-34495,,paid,paid,,,,3/17/2024,5/6/2024
N80555,Partner_N80555,INV-N80555-3,INV-N80555-3-SCH-3,3,INVOICE,INV-N80555-3,3/17/2024,EUR,7088.53,6/15/2024,2362.84,PAY-N80555-3-3,6/8/2024,2362.84,2362.84,CARD,Manual,REF-75198,-140.88,paid,partially_paid,,,,3/17/2024,5/17/2024
N80555,Partner_N80555,INV-N80555-4,INV-N80555-4-SCH-1,1,INVOICE,INV-N80555-4,2/17/2024,EUR,9072.95,3/18/2024,9072.95,,,,,,,,,paid,issued,,,,2/17/2024,4/24/2024
N80555,Partner_N80555,INV-N80555-5,INV-N80555-5-SCH-1,1,INVOICE,INV-N80555-5,5/6/2024,USD,3592.72,6/5/2024,1796.36,,,,,,,,126.01,paid,paid,resolved,SERVICE_ISSUE,,5/6/2024,8/3/2024
N80555,Partner_N80555,INV-N80555-5,INV-N80555-5-SCH-2,2,INVOICE,INV-N80555-5,5/6/2024,USD,3592.72,7/5/2024,1796.36,PAY-N80555-5-2,7/3/2024,1796.36,1796.36,NETTING,Manual,REF-10649,,paid,overdue,,,,5/6/2024,7/9/2024
S30761,Partner_S30761,INV-S30761-1,INV-S30761-1-SCH-1,1,INVOICE,INV-S30761-1,9/17/2024,INR,7983.44,10/17/2024,3991.72,PAY-S30761-1-1,10/15/2024,3991.72,3991.72,CHEQUE,Portal,REF-38404,126.92,paid,paid,,,,9/17/2024,11/12/2024
S30761,Partner_S30761,INV-S30761-1,INV-S30761-1-SCH-2,2,INVOICE,INV-S30761-1,9/17/2024,INR,7983.44,11/16/2024,3991.72,PAY-S30761-1-2,11/13/2024,3991.72,3991.72,NETTING,Portal,REF-44855,,paid,issued,,,,9/17/2024,10/20/2024
S30761,Partner_S30761,INV-S30761-2,INV-S30761-2-SCH-1,1,INVOICE,INV-S30761-2,11/16/2024,EUR,9603.45,12/16/2024,9603.45,,,,,,,,,partially_paid,overdue,,,,11/16/2024,12/3/2024
S30761,Partner_S30761,INV-S30761-3,INV-S30761-3-SCH-1,1,INVOICE,INV-S30761-3,10/27/2024,INR,2082.33,11/26/2024,2082.33,PAY-S30761-3-1,11/17/2024,2082.33,2082.33,CHEQUE,Portal,REF-56275,,issued,overdue,,,,10/27/2024,11/1/2024
S30761,Partner_S30761,INV-S30761-4,INV-S30761-4-SCH-1,1,INVOICE,INV-S30761-4,8/1/2024,INR,8180.79,8/31/2024,4090.39,PAY-S30761-4-1,8/21/2024,4090.39,4090.39,NETTING,Portal,REF-97533,,issued,paid,,,,8/1/2024,8/11/2024
S30761,Partner_S30761,INV-S30761-4,INV-S30761-4-SCH-2,2,INVOICE,INV-S30761-4,8/1/2024,INR,8180.79,9/30/2024,4090.39,PAY-S30761-4-2,9/27/2024,4090.39,4090.39,NETTING,Portal,REF-52773,,issued,issued,,,,8/1/2024,8/7/2024
S30761,Partner_S30761,INV-S30761-5,INV-S30761-5-SCH-1,1,INVOICE,INV-S30761-5,1/28/2024,EUR,1920.79,2/27/2024,640.26,PAY-S30761-5-1,2/23/2024,640.26,640.26,NETTING,Portal,REF-54421,,partially_paid,overdue,rejected,CASH_FLOW,,1/28/2024,2/9/2024
S30761,Partner_S30761,INV-S30761-5,INV-S30761-5-SCH-2,2,INVOICE,INV-S30761-5,1/28/2024,EUR,1920.79,3/28/2024,640.26,,,,,,,,-143.9,partially_paid,paid,,,,1/28/2024,2/6/2024
S30761,Partner_S30761,INV-S30761-5,INV-S30761-5-SCH-3,3,INVOICE,INV-S30761-5,1/28/2024,EUR,1920.79,4/27/2024,640.26,PAY-S30761-5-3,4/19/2024,640.26,640.26,CARD,API,REF-59697,,partially_paid,issued,,,,1/28/2024,4/14/2024
N10107,Partner_N10107,INV-N10107-1,INV-N10107-1-SCH-1,1,INVOICE,INV-N10107-1,4/22/2024,INR,3896.08,5/22/2024,1948.04,PAY-N10107-1-1,5/17/2024,1948.04,1948.04,CHEQUE,Portal,REF-43146,,issued,overdue,,,,4/22/2024,6/11/2024
N10107,Partner_N10107,INV-N10107-1,INV-N10107-1-SCH-2,2,INVOICE,INV-N10107-1,4/22/2024,INR,3896.08,6/21/2024,1948.04,,,,,,,,,issued,overdue,,,,4/22/2024,7/16/2024
N10107,Partner_N10107,INV-N10107-2,INV-N10107-2-SCH-1,1,INVOICE,INV-N10107-2,12/22/2024,USD,6365.84,1/21/2025,6365.84,PAY-N10107-2-1,1/20/2025,6365.84,6365.84,BANK_TRANSFER,API,REF-20982,,cancelled,partially_paid,,,,12/22/2024,1/28/2025
N10A90,Partner_N10A90,INV-N10A90-1,INV-N10A90-1-SCH-1,1,INVOICE,INV-N10A90-1,4/3/2024,INR,6427.05,5/3/2024,3213.53,PAY-N10A90-1-1,4/29/2024,3213.53,3213.53,WALLET,API,REF-89120,,cancelled,issued,,,,4/3/2024,6/18/2024
N10A90,Partner_N10A90,INV-N10A90-1,INV-N10A90-1-SCH-2,2,INVOICE,INV-N10A90-1,4/3/2024,INR,6427.05,6/2/2024,3213.53,PAY-N10A90-1-2,5/24/2024,3213.53,3213.53,WALLET,API,REF-36930,-36.25,cancelled,partially_paid,,,,4/3/2024,6/14/2024
N10A90,Partner_N10A90,INV-N10A90-2,INV-N10A90-2-SCH-1,1,INVOICE,INV-N10A90-2,11/20/2024,INR,6667.38,12/20/2024,3333.69,PAY-N10A90-2-1,12/13/2024,3333.69,3333.69,CARD,Portal,REF-36652,,cancelled,issued,,,,11/20/2024,1/5/2025
N10A90,Partner_N10A90,INV-N10A90-2,INV-N10A90-2-SCH-2,2,INVOICE,INV-N10A90-2,11/20/2024,INR,6667.38,1/19/2025,3333.69,PAY-N10A90-2-2,1/11/2025,3333.69,3333.69,BANK_TRANSFER,API,REF-51161,99.23,cancelled,issued,,,,11/20/2024,2/8/2025
N10A90,Partner_N10A90,INV-N10A90-3,INV-N10A90-3-SCH-1,1,INVOICE,INV-N10A90-3,12/2/2024,EUR,2171.3,1/1/2025,2171.3,,,,,,,,,partially_paid,paid,,,,12/2/2024,1/12/2025
N10A90,Partner_N10A90,INV-N10A90-4,INV-N10A90-4-SCH-1,1,INVOICE,INV-N10A90-4,7/26/2024,EUR,3741.61,8/25/2024,1870.81,PAY-N10A90-4-1,8/22/2024,1870.81,1870.81,NETTING,Manual,REF-68902,,paid,partially_paid,,,,7/26/2024,10/5/2024
N10A90,Partner_N10A90,INV-N10A90-4,INV-N10A90-4-SCH-2,2,INVOICE,INV-N10A90-4,7/26/2024,EUR,3741.61,9/24/2024,1870.81,PAY-N10A90-4-2,9/17/2024,1870.81,1870.81,BANK_TRANSFER,API,REF-63975,115.98,paid,paid,open,PRICING_DISPUTE,,7/26/2024,9/11/2024
S20823,Partner_S20823,INV-S20823-1,INV-S20823-1-SCH-1,1,INVOICE,INV-S20823-1,1/14/2024,USD,3675.92,2/13/2024,1837.96,PAY-S20823-1-1,2/8/2024,1837.96,1837.96,CHEQUE,Manual,REF-30709,,paid,issued,,,,1/14/2024,1/15/2024
S20823,Partner_S20823,INV-S20823-1,INV-S20823-1-SCH-2,2,INVOICE,INV-S20823-1,1/14/2024,USD,3675.92,3/14/2024,1837.96,PAY-S20823-1-2,3/6/2024,1837.96,1837.96,CARD,Manual,REF-50592,,paid,issued,,,,1/14/2024,4/8/2024
S20823,Partner_S20823,INV-S20823-2,INV-S20823-2-SCH-1,1,INVOICE,INV-S20823-2,10/14/2024,EUR,8185.88,11/13/2024,2728.63,,,,,,,,,overdue,overdue,,,,10/14/2024,12/14/2024
S20823,Partner_S20823,INV-S20823-2,INV-S20823-2-SCH-2,2,INVOICE,INV-S20823-2,10/14/2024,EUR,8185.88,12/13/2024,2728.63,PAY-S20823-2-2,12/3/2024,2728.63,2728.63,WALLET,API,REF-90729,,overdue,issued,,,,10/14/2024,12/14/2024
S20823,Partner_S20823,INV-S20823-2,INV-S20823-2-SCH-3,3,INVOICE,INV-S20823-2,10/14/2024,EUR,8185.88,1/12/2025,2728.63,PAY-S20823-2-3,1/8/2025,2728.63,2728.63,NETTING,API,REF-55385,-147.27,overdue,partially_paid,,,,10/14/2024,12/26/2024
W12703,Partner_W12703,INV-W12703-1,INV-W12703-1-SCH-1,1,INVOICE,INV-W12703-1,5/14/2024,INR,1926.86,6/13/2024,1926.86,PAY-W12703-1-1,6/4/2024,1926.86,1926.86,CARD,Portal,REF-97986,,paid,paid,,,,5/14/2024,5/24/2024
W12703,Partner_W12703,INV-W12703-2,INV-W12703-2-SCH-1,1,INVOICE,INV-W12703-2,2/17/2024,USD,1447.58,3/18/2024,1447.58,PAY-W12703-2-1,3/8/2024,1447.58,1447.58,BANK_TRANSFER,Manual,REF-34586,,issued,paid,,,,2/17/2024,3/5/2024
W12703,Partner_W12703,INV-W12703-3,INV-W12703-3-SCH-1,1,INVOICE,INV-W12703-3,10/15/2024,INR,8593.14,11/14/2024,8593.14,,,,,,,,,issued,partially_paid,in_review,SERVICE_ISSUE,,10/15/2024,12/8/2024
W12703,Partner_W12703,INV-W12703-4,INV-W12703-4-SCH-1,1,INVOICE,INV-W12703-4,2/17/2024,INR,1459.01,3/18/2024,486.34,,,,,,,,192.53,paid,partially_paid,,,,2/17/2024,3/9/2024
W12703,Partner_W12703,INV-W12703-4,INV-W12703-4-SCH-2,2,INVOICE,INV-W12703-4,2/17/2024,INR,1459.01,4/17/2024,486.34,PAY-W12703-4-2,4/15/2024,486.34,486.34,NETTING,Portal,REF-85046,154.82,paid,paid,,,,2/17/2024,2/23/2024
W12703,Partner_W12703,INV-W12703-4,INV-W12703-4-SCH-3,3,INVOICE,INV-W12703-4,2/17/2024,INR,1459.01,5/17/2024,486.34,PAY-W12703-4-3,5/16/2024,486.34,486.34,WALLET,Portal,REF-69144,188.8,paid,partially_paid,,,,2/17/2024,2/28/2024
S11471,Partner_S11471,INV-S11471-1,INV-S11471-1-SCH-1,1,INVOICE,INV-S11471-1,4/4/2024,EUR,6367.13,5/4/2024,3183.57,PAY-S11471-1-1,4/25/2024,3183.57,3183.57,NETTING,Portal,REF-12925,,partially_paid,partially_paid,,,,4/4/2024,6/5/2024
S11471,Partner_S11471,INV-S11471-1,INV-S11471-1-SCH-2,2,INVOICE,INV-S11471-1,4/4/2024,EUR,6367.13,6/3/2024,3183.57,PAY-S11471-1-2,5/29/2024,3183.57,3183.57,CARD,Portal,REF-66935,,partially_paid,issued,,,,4/4/2024,6/3/2024
S11471,Partner_S11471,INV-S11471-2,INV-S11471-2-SCH-1,1,INVOICE,INV-S11471-2,6/27/2024,USD,7797.36,7/27/2024,7797.36,,,,,,,,,overdue,issued,,,,6/27/2024,8/1/2024
S11471,Partner_S11471,INV-S11471-3,INV-S11471-3-SCH-1,1,INVOICE,INV-S11471-3,4/8/2024,EUR,6271.62,5/8/2024,3135.81,,,,,,,,,cancelled,paid,,,,4/8/2024,5/11/2024
S11471,Partner_S11471,INV-S11471-3,INV-S11471-3-SCH-2,2,INVOICE,INV-S11471-3,4/8/2024,EUR,6271.62,6/7/2024,3135.81,PAY-S11471-3-2,6/5/2024,3135.81,3135.81,BANK_TRANSFER,Manual,REF-71090,,cancelled,overdue,,,,4/8/2024,5/27/2024
N10424,Partner_N10424,INV-N10424-1,INV-N10424-1-SCH-1,1,INVOICE,INV-N10424-1,3/2/2024,INR,2284.94,4/1/2024,2284.94,PAY-N10424-1-1,3/30/2024,2284.94,2284.94,BANK_TRANSFER,API,REF-28321,,paid,overdue,open,SERVICE_ISSUE,,3/2/2024,4/3/2024
N10424,Partner_N10424,INV-N10424-2,INV-N10424-2-SCH-1,1,INVOICE,INV-N10424-2,8/11/2024,USD,7660.25,9/10/2024,7660.25,PAY-N10424-2-1,9/5/2024,7660.25,7660.25,BANK_TRANSFER,Manual,REF-43250,-115.3,partially_paid,overdue,,,,8/11/2024,9/19/2024
N10424,Partner_N10424,INV-N10424-3,INV-N10424-3-SCH-1,1,INVOICE,INV-N10424-3,10/10/2024,USD,4310.75,11/9/2024,2155.38,PAY-N10424-3-1,11/3/2024,2155.38,2155.38,NETTING,Portal,REF-45497,,issued,issued,,,,10/10/2024,11/16/2024
N10424,Partner_N10424,INV-N10424-3,INV-N10424-3-SCH-2,2,INVOICE,INV-N10424-3,10/10/2024,USD,4310.75,12/9/2024,2155.38,PAY-N10424-3-2,12/8/2024,2155.38,2155.38,CARD,API,REF-67913,,issued,overdue,,,,10/10/2024,11/3/2024
N10424,Partner_N10424,INV-N10424-4,INV-N10424-4-SCH-1,1,INVOICE,INV-N10424-4,3/3/2024,EUR,6472.6,4/2/2024,6472.6,PAY-N10424-4-1,3/27/2024,6472.6,6472.6,CHEQUE,API,REF-71338,,overdue,overdue,,,,3/3/2024,3/20/2024
S20199,Partner_S20199,INV-S20199-1,INV-S20199-1-SCH-1,1,INVOICE,INV-S20199-1,1/3/2024,EUR,5296.86,2/2/2024,2648.43,PAY-S20199-1-1,1/25/2024,2648.43,2648.43,CHEQUE,API,REF-19138,,issued,overdue,,,,1/3/2024,3/14/2024
S20199,Partner_S20199,INV-S20199-1,INV-S20199-1-SCH-2,2,INVOICE,INV-S20199-1,1/3/2024,EUR,5296.86,3/3/2024,2648.43,PAY-S20199-1-2,2/27/2024,2648.43,2648.43,NETTING,API,REF-10959,61.43,issued,partially_paid,,,,1/3/2024,1/14/2024
S20199,Partner_S20199,INV-S20199-2,INV-S20199-2-SCH-1,1,INVOICE,INV-S20199-2,2/7/2024,USD,3128.99,3/8/2024,1564.49,PAY-S20199-2-1,3/7/2024,1564.49,1564.49,BANK_TRANSFER,Portal,REF-91001,,cancelled,paid,,,,2/7/2024,2/18/2024
S20199,Partner_S20199,INV-S20199-2,INV-S20199-2-SCH-2,2,INVOICE,INV-S20199-2,2/7/2024,USD,3128.99,4/7/2024,1564.49,PAY-S20199-2-2,3/29/2024,1564.49,1564.49,BANK_TRANSFER,Portal,REF-51000,,cancelled,overdue,in_review,PRICING_DISPUTE,,2/7/2024,3/6/2024
S20199,Partner_S20199,INV-S20199-3,INV-S20199-3-SCH-1,1,INVOICE,INV-S20199-3,7/15/2024,USD,3250.72,8/14/2024,3250.72,PAY-S20199-3-1,8/14/2024,3250.72,3250.72,NETTING,API,REF-84825,,paid,partially_paid,,,,7/15/2024,10/3/2024
S20199,Partner_S20199,INV-S20199-4,INV-S20199-4-SCH-1,1,INVOICE,INV-S20199-4,12/2/2024,EUR,3718.06,1/1/2025,1859.03,PAY-S20199-4-1,12/29/2024,1859.03,1859.03,NETTING,Portal,REF-41401,,partially_paid,issued,,,,12/2/2024,12/17/2024
S20199,Partner_S20199,INV-S20199-4,INV-S20199-4-SCH-2,2,INVOICE,INV-S20199-4,12/2/2024,EUR,3718.06,1/31/2025,1859.03,PAY-S20199-4-2,1/24/2025,1859.03,1859.03,WALLET,Portal,REF-66649,,partially_paid,overdue,,,,12/2/2024,12/21/2024
S80244,Partner_S80244,INV-S80244-1,INV-S80244-1-SCH-1,1,INVOICE,INV-S80244-1,7/1/2024,INR,1595.55,7/31/2024,797.77,PAY-S80244-1-1,7/22/2024,797.77,797.77,NETTING,API,REF-69243,,issued,paid,,,,7/1/2024,9/29/2024
S80244,Partner_S80244,INV-S80244-1,INV-S80244-1-SCH-2,2,INVOICE,INV-S80244-1,7/1/2024,INR,1595.55,8/30/2024,797.77,PAY-S80244-1-2,8/22/2024,797.77,797.77,CHEQUE,Portal,REF-74109,,issued,overdue,,,,7/1/2024,8/30/2024
S80244,Partner_S80244,INV-S80244-2,INV-S80244-2-SCH-1,1,INVOICE,INV-S80244-2,5/22/2024,EUR,5611.01,6/21/2024,2805.51,PAY-S80244-2-1,6/19/2024,2805.51,2805.51,BANK_TRANSFER,Manual,REF-75263,,partially_paid,partially_paid,,,,5/22/2024,7/26/2024
S80244,Partner_S80244,INV-S80244-2,INV-S80244-2-SCH-2,2,INVOICE,INV-S80244-2,5/22/2024,EUR,5611.01,7/21/2024,2805.51,PAY-S80244-2-2,7/15/2024,2805.51,2805.51,CARD,Portal,REF-75502,101.48,partially_paid,paid,,,,5/22/2024,7/16/2024
S10680,Partner_S10680,INV-S10680-1,INV-S10680-1-SCH-1,1,INVOICE,INV-S10680-1,2/9/2024,EUR,3445.84,3/10/2024,1722.92,PAY-S10680-1-1,3/6/2024,1722.92,1722.92,CHEQUE,Portal,REF-30010,,paid,paid,,,,2/9/2024,5/7/2024
S10680,Partner_S10680,INV-S10680-1,INV-S10680-1-SCH-2,2,INVOICE,INV-S10680-1,2/9/2024,EUR,3445.84,4/9/2024,1722.92,,,,,,,,,paid,overdue,,,,2/9/2024,3/8/2024
S10680,Partner_S10680,INV-S10680-2,INV-S10680-2-SCH-1,1,INVOICE,INV-S10680-2,6/15/2024,USD,5992.12,7/15/2024,1997.37,,,,,,,,,partially_paid,overdue,,,,6/15/2024,8/31/2024
S10680,Partner_S10680,INV-S10680-2,INV-S10680-2-SCH-2,2,INVOICE,INV-S10680-2,6/15/2024,USD,5992.12,8/14/2024,1997.37,,,,,,,,,partially_paid,paid,,,,6/15/2024,7/14/2024
S10680,Partner_S10680,INV-S10680-2,INV-S10680-2-SCH-3,3,INVOICE,INV-S10680-2,6/15/2024,USD,5992.12,9/13/2024,1997.37,PAY-S10680-2-3,9/9/2024,1997.37,1997.37,CHEQUE,API,REF-90247,,partially_paid,partially_paid,,,,6/15/2024,7/21/2024
S10680,Partner_S10680,INV-S10680-3,INV-S10680-3-SCH-1,1,INVOICE,INV-S10680-3,12/26/2024,EUR,9715.94,1/25/2025,4857.97,PAY-S10680-3-1,1/19/2025,4857.97,4857.97,BANK_TRANSFER,API,REF-99542,-110.73,cancelled,partially_paid,in_review,PRICING_DISPUTE,,12/26/2024,2/12/2025
S10680,Partner_S10680,INV-S10680-3,INV-S10680-3-SCH-2,2,INVOICE,INV-S10680-3,12/26/2024,EUR,9715.94,2/24/2025,4857.97,PAY-S10680-3-2,2/21/2025,4857.97,4857.97,CARD,Portal,REF-14820,,cancelled,paid,,,,12/26/2024,1/16/2025
SC0055,Partner_SC0055,INV-SC0055-1,INV-SC0055-1-SCH-1,1,INVOICE,INV-SC0055-1,8/24/2024,USD,6207.88,9/23/2024,2069.29,PAY-SC0055-1-1,9/20/2024,2069.29,2069.29,BANK_TRANSFER,Manual,REF-18131,,partially_paid,issued,,,,8/24/2024,10/8/2024
SC0055,Partner_SC0055,INV-SC0055-1,INV-SC0055-1-SCH-2,2,INVOICE,INV-SC0055-1,8/24/2024,USD,6207.88,10/23/2024,2069.29,,,,,,,,,partially_paid,issued,,,,8/24/2024,9/5/2024
SC0055,Partner_SC0055,INV-SC0055-1,INV-SC0055-1-SCH-3,3,INVOICE,INV-SC0055-1,8/24/2024,USD,6207.88,11/22/2024,2069.29,PAY-SC0055-1-3,11/12/2024,2069.29,2069.29,CARD,Manual,REF-68991,,partially_paid,partially_paid,,,,8/24/2024,9/21/2024
SC0055,Partner_SC0055,INV-SC0055-2,INV-SC0055-2-SCH-1,1,INVOICE,INV-SC0055-2,11/21/2024,INR,6190.51,12/21/2024,3095.26,PAY-SC0055-2-1,12/12/2024,3095.26,3095.26,CARD,API,REF-48885,-69.86,partially_paid,paid,,,,11/21/2024,2/1/2025
SC0055,Partner_SC0055,INV-SC0055-2,INV-SC0055-2-SCH-2,2,INVOICE,INV-SC0055-2,11/21/2024,INR,6190.51,1/20/2025,3095.26,PAY-SC0055-2-2,1/19/2025,3095.26,3095.26,CHEQUE,Manual,REF-70824,59.29,partially_paid,overdue,,,,11/21/2024,12/20/2024
SC0055,Partner_SC0055,INV-SC0055-3,INV-SC0055-3-SCH-1,1,INVOICE,INV-SC0055-3,3/18/2024,USD,6620.75,4/17/2024,3310.38,PAY-SC0055-3-1,4/17/2024,3310.38,3310.38,CARD,Manual,REF-89830,,overdue,issued,,,,3/18/2024,3/28/2024
SC0055,Partner_SC0055,INV-SC0055-3,INV-SC0055-3-SCH-2,2,INVOICE,INV-SC0055-3,3/18/2024,USD,6620.75,5/17/2024,3310.38,PAY-SC0055-3-2,5/11/2024,3310.38,3310.38,BANK_TRANSFER,Portal,REF-94754,,overdue,paid,,,,3/18/2024,6/4/2024
SC0055,Partner_SC0055,INV-SC0055-4,INV-SC0055-4-SCH-1,1,INVOICE,INV-SC0055-4,3/8/2024,EUR,9376.45,4/7/2024,9376.45,PAY-SC0055-4-1,3/28/2024,9376.45,9376.45,CHEQUE,API,REF-49583,-96.97,overdue,issued,,,,3/8/2024,4/30/2024
S20127,Partner_S20127,INV-S20127-1,INV-S20127-1-SCH-1,1,INVOICE,INV-S20127-1,9/6/2024,EUR,8086.52,10/6/2024,2695.51,PAY-S20127-1-1,10/1/2024,2695.51,2695.51,NETTING,Portal,REF-54401,,cancelled,overdue,,,,9/6/2024,11/11/2024
S20127,Partner_S20127,INV-S20127-1,INV-S20127-1-SCH-2,2,INVOICE,INV-S20127-1,9/6/2024,EUR,8086.52,11/5/2024,2695.51,,,,,,,,,cancelled,issued,,,,9/6/2024,9/27/2024
S20127,Partner_S20127,INV-S20127-1,INV-S20127-1-SCH-3,3,INVOICE,INV-S20127-1,9/6/2024,EUR,8086.52,12/5/2024,2695.51,PAY-S20127-1-3,11/26/2024,2695.51,2695.51,NETTING,Portal,REF-18759,,cancelled,partially_paid,,,,9/6/2024,10/2/2024
S20127,Partner_S20127,INV-S20127-2,INV-S20127-2-SCH-1,1,INVOICE,INV-S20127-2,6/7/2024,INR,3485.04,7/7/2024,3485.04,PAY-S20127-2-1,6/30/2024,3485.04,3485.04,WALLET,Portal,REF-24427,44.61,paid,paid,,,,6/7/2024,7/5/2024
S11508,Partner_S11508,INV-S11508-1,INV-S11508-1-SCH-1,1,INVOICE,INV-S11508-1,7/4/2024,EUR,9176.02,8/3/2024,4588.01,PAY-S11508-1-1,7/30/2024,4588.01,4588.01,WALLET,Portal,REF-50392,,issued,partially_paid,,,,7/4/2024,8/16/2024
S11508,Partner_S11508,INV-S11508-1,INV-S11508-1-SCH-2,2,INVOICE,INV-S11508-1,7/4/2024,EUR,9176.02,9/2/2024,4588.01,PAY-S11508-1-2,8/23/2024,4588.01,4588.01,CARD,API,REF-87027,,issued,overdue,,,,7/4/2024,8/22/2024
S11508,Partner_S11508,INV-S11508-2,INV-S11508-2-SCH-1,1,INVOICE,INV-S11508-2,12/22/2024,INR,1307.62,1/21/2025,1307.62,PAY-S11508-2-1,1/17/2025,1307.62,1307.62,NETTING,Portal,REF-15175,,paid,overdue,,,,12/22/2024,1/24/2025
S11508,Partner_S11508,INV-S11508-3,INV-S11508-3-SCH-1,1,INVOICE,INV-S11508-3,11/10/2024,USD,4449.23,12/10/2024,4449.23,PAY-S11508-3-1,12/3/2024,4449.23,4449.23,CARD,Portal,REF-98314,,partially_paid,issued,,,,11/10/2024,1/25/2025
S11508,Partner_S11508,INV-S11508-4,INV-S11508-4-SCH-1,1,INVOICE,INV-S11508-4,4/5/2024,INR,5480.05,5/5/2024,5480.05,PAY-S11508-4-1,4/29/2024,5480.05,5480.05,BANK_TRANSFER,Portal,REF-85315,,issued,partially_paid,,,,4/5/2024,5/22/2024
S11508,Partner_S11508,INV-S11508-5,INV-S11508-5-SCH-1,1,INVOICE,INV-S11508-5,7/15/2024,EUR,5729.39,8/14/2024,5729.39,PAY-S11508-5-1,8/6/2024,5729.39,5729.39,BANK_TRANSFER,API,REF-21866,,overdue,overdue,,,,7/15/2024,9/23/2024
E53441,Partner_E53441,INV-E53441-1,INV-E53441-1-SCH-1,1,INVOICE,INV-E53441-1,6/27/2024,USD,6401.63,7/27/2024,2133.88,PAY-E53441-1-1,7/20/2024,2133.88,2133.88,WALLET,Manual,REF-99471,,issued,partially_paid,,,,6/27/2024,8/18/2024
E53441,Partner_E53441,INV-E53441-1,INV-E53441-1-SCH-2,2,INVOICE,INV-E53441-1,6/27/2024,USD,6401.63,8/26/2024,2133.88,PAY-E53441-1-2,8/26/2024,2133.88,2133.88,CHEQUE,Manual,REF-74358,,issued,paid,,,,6/27/2024,9/19/2024
E53441,Partner_E53441,INV-E53441-1,INV-E53441-1-SCH-3,3,INVOICE,INV-E53441-1,6/27/2024,USD,6401.63,9/25/2024,2133.88,PAY-E53441-1-3,9/22/2024,2133.88,2133.88,CARD,Manual,REF-98001,,issued,overdue,,,,6/27/2024,7/25/2024
E53441,Partner_E53441,INV-E53441-2,INV-E53441-2-SCH-1,1,INVOICE,INV-E53441-2,11/7/2024,USD,2303.49,12/7/2024,2303.49,PAY-E53441-2-1,11/28/2024,2303.49,2303.49,WALLET,Manual,REF-70124,,partially_paid,overdue,,,,11/7/2024,12/25/2024
E53441,Partner_E53441,INV-E53441-3,INV-E53441-3-SCH-1,1,INVOICE,INV-E53441-3,10/16/2024,EUR,7899.25,11/15/2024,7899.25,,,,,,,,,partially_paid,overdue,,,,10/16/2024,11/9/2024
W63069,Partner_W63069,INV-W63069-1,INV-W63069-1-SCH-1,1,INVOICE,INV-W63069-1,10/27/2024,USD,1155.13,11/26/2024,1155.13,,,,,,,,,overdue,overdue,,,,10/27/2024,12/8/2024
W63069,Partner_W63069,INV-W63069-2,INV-W63069-2-SCH-1,1,INVOICE,INV-W63069-2,10/25/2024,USD,3842.71,11/24/2024,1280.9,PAY-W63069-2-1,11/24/2024,1280.9,1280.9,BANK_TRANSFER,Portal,REF-37600,,partially_paid,partially_paid,,,,10/25/2024,12/6/2024
W63069,Partner_W63069,INV-W63069-2,INV-W63069-2-SCH-2,2,INVOICE,INV-W63069-2,10/25/2024,USD,3842.71,12/24/2024,1280.9,,,,,,,,73.96,partially_paid,paid,,,,10/25/2024,12/25/2024
W63069,Partner_W63069,INV-W63069-2,INV-W63069-2-SCH-3,3,INVOICE,INV-W63069-2,10/25/2024,USD,3842.71,1/23/2025,1280.9,,,,,,,,193.28,partially_paid,paid,open,SERVICE_ISSUE,,10/25/2024,11/25/2024
W63069,Partner_W63069,INV-W63069-3,INV-W63069-3-SCH-1,1,INVOICE,INV-W63069-3,4/8/2024,EUR,3031.07,5/8/2024,1010.36,,,,,,,,,cancelled,issued,,,,4/8/2024,6/12/2024
W63069,Partner_W63069,INV-W63069-3,INV-W63069-3-SCH-2,2,INVOICE,INV-W63069-3,4/8/2024,EUR,3031.07,6/7/2024,1010.36,PAY-W63069-3-2,6/7/2024,1010.36,1010.36,NETTING,Portal,REF-20462,86.42,cancelled,issued,,,,4/8/2024,5/23/2024
W63069,Partner_W63069,INV-W63069-3,INV-W63069-3-SCH-3,3,INVOICE,INV-W63069-3,4/8/2024,EUR,3031.07,7/7/2024,1010.36,PAY-W63069-3-3,6/30/2024,1010.36,1010.36,BANK_TRANSFER,API,REF-57088,,cancelled,paid,,,,4/8/2024,6/10/2024
W63069,Partner_W63069,INV-W63069-4,INV-W63069-4-SCH-1,1,INVOICE,INV-W63069-4,2/19/2024,EUR,1881.8,3/20/2024,627.27,PAY-W63069-4-1,3/17/2024,627.27,627.27,BANK_TRANSFER,Portal,REF-60554,,issued,partially_paid,,,,2/19/2024,3/4/2024
W63069,Partner_W63069,INV-W63069-4,INV-W63069-4-SCH-2,2,INVOICE,INV-W63069-4,2/19/2024,EUR,1881.8,4/19/2024,627.27,PAY-W63069-4-2,4/17/2024,627.27,627.27,CARD,Manual,REF-28074,,issued,overdue,rejected,CASH_FLOW,,2/19/2024,3/28/2024
W63069,Partner_W63069,INV-W63069-4,INV-W63069-4-SCH-3,3,INVOICE,INV-W63069-4,2/19/2024,EUR,1881.8,5/19/2024,627.27,PAY-W63069-4-3,5/14/2024,627.27,627.27,CHEQUE,API,REF-83018,,issued,issued,,,,2/19/2024,3/8/2024
W63069,Partner_W63069,INV-W63069-5,INV-W63069-5-SCH-1,1,INVOICE,INV-W63069-5,9/10/2024,USD,6453.26,10/10/2024,2151.09,PAY-W63069-5-1,10/1/2024,2151.09,2151.09,NETTING,Manual,REF-91794,,issued,paid,,,,9/10/2024,10/24/2024
W63069,Partner_W63069,INV-W63069-5,INV-W63069-5-SCH-2,2,INVOICE,INV-W63069-5,9/10/2024,USD,6453.26,11/9/2024,2151.09,PAY-W63069-5-2,11/2/2024,2151.09,2151.09,WALLET,API,REF-94764,,issued,issued,,,,9/10/2024,10/2/2024
W63069,Partner_W63069,INV-W63069-5,INV-W63069-5-SCH-3,3,INVOICE,INV-W63069-5,9/10/2024,USD,6453.26,12/9/2024,2151.09,PAY-W63069-5-3,12/4/2024,2151.09,2151.09,CHEQUE,Manual,REF-70929,,issued,paid,rejected,PRICING_DISPUTE,,9/10/2024,11/22/2024
E14126,Partner_E14126,INV-E14126-1,INV-E14126-1-SCH-1,1,INVOICE,INV-E14126-1,4/17/2024,EUR,2148.93,5/17/2024,716.31,PAY-E14126-1-1,5/11/2024,716.31,716.31,CHEQUE,API,REF-23974,,issued,partially_paid,open,CASH_FLOW,,4/17/2024,7/2/2024
E14126,Partner_E14126,INV-E14126-1,INV-E14126-1-SCH-2,2,INVOICE,INV-E14126-1,4/17/2024,EUR,2148.93,6/16/2024,716.31,PAY-E14126-1-2,6/14/2024,716.31,716.31,WALLET,API,REF-25557,36.92,issued,issued,,,,4/17/2024,7/1/2024
E14126,Partner_E14126,INV-E14126-1,INV-E14126-1-SCH-3,3,INVOICE,INV-E14126-1,4/17/2024,EUR,2148.93,7/16/2024,716.31,PAY-E14126-1-3,7/11/2024,716.31,716.31,WALLET,Manual,REF-36864,,issued,partially_paid,,,,4/17/2024,5/18/2024
E14126,Partner_E14126,INV-E14126-2,INV-E14126-2-SCH-1,1,INVOICE,INV-E14126-2,10/19/2024,INR,5222.37,11/18/2024,5222.37,PAY-E14126-2-1,11/9/2024,5222.37,5222.37,CARD,API,REF-62724,,paid,issued,,,,10/19/2024,12/31/2024
S35035,Partner_S35035,INV-S35035-1,INV-S35035-1-SCH-1,1,INVOICE,INV-S35035-1,6/5/2024,INR,4095.5,7/5/2024,2047.75,PAY-S35035-1-1,6/29/2024,2047.75,2047.75,BANK_TRANSFER,Manual,REF-99265,,cancelled,issued,,,,6/5/2024,8/5/2024
S35035,Partner_S35035,INV-S35035-1,INV-S35035-1-SCH-2,2,INVOICE,INV-S35035-1,6/5/2024,INR,4095.5,8/4/2024,2047.75,,,,,,,,-48.66,cancelled,overdue,,,,6/5/2024,8/24/2024
S35035,Partner_S35035,INV-S35035-2,INV-S35035-2-SCH-1,1,INVOICE,INV-S35035-2,8/23/2024,EUR,5695.11,9/22/2024,2847.55,PAY-S35035-2-1,9/12/2024,2847.55,2847.55,NETTING,Manual,REF-49550,,issued,partially_paid,,,,8/23/2024,8/31/2024
S35035,Partner_S35035,INV-S35035-2,INV-S35035-2-SCH-2,2,INVOICE,INV-S35035-2,8/23/2024,EUR,5695.11,10/22/2024,2847.55,,,,,,,,,issued,partially_paid,,,,8/23/2024,8/24/2024
W13444,Partner_W13444,INV-W13444-1,INV-W13444-1-SCH-1,1,INVOICE,INV-W13444-1,5/27/2024,INR,9647.49,6/26/2024,9647.49,PAY-W13444-1-1,6/22/2024,9647.49,9647.49,CARD,API,REF-79878,,issued,overdue,,,,5/27/2024,8/3/2024
W13444,Partner_W13444,INV-W13444-2,INV-W13444-2-SCH-1,1,INVOICE,INV-W13444-2,10/9/2024,USD,4159.39,11/8/2024,4159.39,PAY-W13444-2-1,11/2/2024,4159.39,4159.39,CARD,Portal,REF-16319,,cancelled,paid,,,,10/9/2024,12/24/2024
W13444,Partner_W13444,INV-W13444-3,INV-W13444-3-SCH-1,1,INVOICE,INV-W13444-3,8/21/2024,EUR,3612.5,9/20/2024,1204.17,PAY-W13444-3-1,9/17/2024,1204.17,1204.17,CARD,API,REF-68362,,overdue,overdue,,,,8/21/2024,10/17/2024
W13444,Partner_W13444,INV-W13444-3,INV-W13444-3-SCH-2,2,INVOICE,INV-W13444-3,8/21/2024,EUR,3612.5,10/20/2024,1204.17,,,,,,,,,overdue,partially_paid,,,,8/21/2024,10/15/2024
W13444,Partner_W13444,INV-W13444-3,INV-W13444-3-SCH-3,3,INVOICE,INV-W13444-3,8/21/2024,EUR,3612.5,11/19/2024,1204.17,PAY-W13444-3-3,11/17/2024,1204.17,1204.17,NETTING,Manual,REF-97199,,overdue,paid,,,,8/21/2024,10/9/2024
W13444,Partner_W13444,INV-W13444-4,INV-W13444-4-SCH-1,1,INVOICE,INV-W13444-4,9/2/2024,INR,3910.28,10/2/2024,1955.14,PAY-W13444-4-1,9/30/2024,1955.14,1955.14,CARD,Portal,REF-83740,,partially_paid,overdue,,,,9/2/2024,10/3/2024
W13444,Partner_W13444,INV-W13444-4,INV-W13444-4-SCH-2,2,INVOICE,INV-W13444-4,9/2/2024,INR,3910.28,11/1/2024,1955.14,,,,,,,,44.36,partially_paid,overdue,,,,9/2/2024,9/11/2024
S41062,Partner_S41062,INV-S41062-1,INV-S41062-1-SCH-1,1,INVOICE,INV-S41062-1,3/1/2024,INR,2386.53,3/31/2024,1193.27,,,,,,,,,partially_paid,paid,,,,3/1/2024,5/25/2024
S41062,Partner_S41062,INV-S41062-1,INV-S41062-1-SCH-2,2,INVOICE,INV-S41062-1,3/1/2024,INR,2386.53,4/30/2024,1193.27,PAY-S41062-1-2,4/30/2024,1193.27,1193.27,CARD,API,REF-50502,0.77,partially_paid,paid,,,,3/1/2024,4/23/2024
S41062,Partner_S41062,INV-S41062-2,INV-S41062-2-SCH-1,1,INVOICE,INV-S41062-2,6/3/2024,INR,1828.43,7/3/2024,609.48,,,,,,,,,overdue,partially_paid,,,,6/3/2024,6/23/2024
S41062,Partner_S41062,INV-S41062-2,INV-S41062-2-SCH-2,2,INVOICE,INV-S41062-2,6/3/2024,INR,1828.43,8/2/2024,609.48,,,,,,,,159.9,overdue,issued,,,,6/3/2024,8/24/2024
S41062,Partner_S41062,INV-S41062-2,INV-S41062-2-SCH-3,3,INVOICE,INV-S41062-2,6/3/2024,INR,1828.43,9/1/2024,609.48,PAY-S41062-2-3,8/28/2024,609.48,609.48,NETTING,API,REF-83153,,overdue,issued,,,,6/3/2024,6/7/2024
S26721,Partner_S26721,INV-S26721-1,INV-S26721-1-SCH-1,1,INVOICE,INV-S26721-1,1/8/2024,EUR,8985.9,2/7/2024,8985.9,PAY-S26721-1-1,2/5/2024,8985.9,8985.9,WALLET,API,REF-10192,,cancelled,overdue,,,,1/8/2024,3/14/2024
S26721,Partner_S26721,INV-S26721-2,INV-S26721-2-SCH-1,1,INVOICE,INV-S26721-2,9/7/2024,EUR,4281.72,10/7/2024,2140.86,PAY-S26721-2-1,10/1/2024,2140.86,2140.86,CARD,API,REF-64181,,issued,issued,,,,9/7/2024,10/16/2024
S26721,Partner_S26721,INV-S26721-2,INV-S26721-2-SCH-2,2,INVOICE,INV-S26721-2,9/7/2024,EUR,4281.72,11/6/2024,2140.86,PAY-S26721-2-2,11/2/2024,2140.86,2140.86,BANK_TRANSFER,Manual,REF-53695,,issued,partially_paid,,,,9/7/2024,9/8/2024
WB0194,Partner_WB0194,INV-WB0194-1,INV-WB0194-1-SCH-1,1,INVOICE,INV-WB0194-1,10/14/2024,EUR,1505.64,11/13/2024,501.88,PAY-WB0194-1-1,11/11/2024,501.88,501.88,CHEQUE,Portal,REF-43232,,overdue,overdue,,,,10/14/2024,11/15/2024
WB0194,Partner_WB0194,INV-WB0194-1,INV-WB0194-1-SCH-2,2,INVOICE,INV-WB0194-1,10/14/2024,EUR,1505.64,12/13/2024,501.88,PAY-WB0194-1-2,12/4/2024,501.88,501.88,CARD,Manual,REF-93836,,overdue,partially_paid,,,,10/14/2024,1/2/2025
WB0194,Partner_WB0194,INV-WB0194-1,INV-WB0194-1-SCH-3,3,INVOICE,INV-WB0194-1,10/14/2024,EUR,1505.64,1/12/2025,501.88,PAY-WB0194-1-3,1/6/2025,501.88,501.88,CARD,Manual,REF-44686,,overdue,issued,,,,10/14/2024,12/9/2024
WB0194,Partner_WB0194,INV-WB0194-2,INV-WB0194-2-SCH-1,1,INVOICE,INV-WB0194-2,7/25/2024,USD,7717.31,8/24/2024,3858.66,PAY-WB0194-2-1,8/17/2024,3858.66,3858.66,CHEQUE,API,REF-89702,,cancelled,partially_paid,,,,7/25/2024,10/23/2024
WB0194,Partner_WB0194,INV-WB0194-2,INV-WB0194-2-SCH-2,2,INVOICE,INV-WB0194-2,7/25/2024,USD,7717.31,9/23/2024,3858.66,PAY-WB0194-2-2,9/22/2024,3858.66,3858.66,CHEQUE,Manual,REF-27827,147.75,cancelled,paid,,,,7/25/2024,9/10/2024
N15441,Partner_N15441,INV-N15441-1,INV-N15441-1-SCH-1,1,INVOICE,INV-N15441-1,5/26/2024,EUR,5028.13,6/25/2024,1676.04,,,,,,,,-8.37,overdue,overdue,,,,5/26/2024,7/5/2024
N15441,Partner_N15441,INV-N15441-1,INV-N15441-1-SCH-2,2,INVOICE,INV-N15441-1,5/26/2024,EUR,5028.13,7/25/2024,1676.04,PAY-N15441-1-2,7/19/2024,1676.04,1676.04,BANK_TRANSFER,API,REF-22122,,overdue,issued,,,,5/26/2024,8/17/2024
N15441,Partner_N15441,INV-N15441-1,INV-N15441-1-SCH-3,3,INVOICE,INV-N15441-1,5/26/2024,EUR,5028.13,8/24/2024,1676.04,PAY-N15441-1-3,8/18/2024,1676.04,1676.04,NETTING,API,REF-95215,,overdue,overdue,,,,5/26/2024,6/8/2024
N15441,Partner_N15441,INV-N15441-2,INV-N15441-2-SCH-1,1,INVOICE,INV-N15441-2,2/25/2024,EUR,1181.39,3/26/2024,393.8,,,,,,,,124.61,paid,partially_paid,,,,2/25/2024,4/3/2024
N15441,Partner_N15441,INV-N15441-2,INV-N15441-2-SCH-2,2,INVOICE,INV-N15441-2,2/25/2024,EUR,1181.39,4/25/2024,393.8,,,,,,,,,paid,paid,,,,2/25/2024,3/18/2024
N15441,Partner_N15441,INV-N15441-2,INV-N15441-2-SCH-3,3,INVOICE,INV-N15441-2,2/25/2024,EUR,1181.39,5/25/2024,393.8,,,,,,,,,paid,paid,,,,2/25/2024,4/24/2024
N15441,Partner_N15441,INV-N15441-3,INV-N15441-3-SCH-1,1,INVOICE,INV-N15441-3,5/8/2024,INR,3509.9,6/7/2024,3509.9,PAY-N15441-3-1,5/30/2024,3509.9,3509.9,BANK_TRANSFER,API,REF-83263,,cancelled,paid,,,,5/8/2024,8/2/2024
N12409,Partner_N12409,INV-N12409-1,INV-N12409-1-SCH-1,1,INVOICE,INV-N12409-1,10/12/2024,USD,5646.47,11/11/2024,2823.24,PAY-N12409-1-1,11/11/2024,2823.24,2823.24,CHEQUE,Portal,REF-51485,,overdue,issued,,,,10/12/2024,12/13/2024
N12409,Partner_N12409,INV-N12409-1,INV-N12409-1-SCH-2,2,INVOICE,INV-N12409-1,10/12/2024,USD,5646.47,12/11/2024,2823.24,PAY-N12409-1-2,12/3/2024,2823.24,2823.24,CARD,API,REF-98034,,overdue,paid,,,,10/12/2024,1/9/2025
N12409,Partner_N12409,INV-N12409-2,INV-N12409-2-SCH-1,1,INVOICE,INV-N12409-2,11/4/2024,EUR,8556.55,12/4/2024,2852.18,PAY-N12409-2-1,11/27/2024,2852.18,2852.18,CARD,API,REF-35188,86.63,overdue,paid,,,,11/4/2024,11/7/2024
N12409,Partner_N12409,INV-N12409-2,INV-N12409-2-SCH-2,2,INVOICE,INV-N12409-2,11/4/2024,EUR,8556.55,1/3/2025,2852.18,PAY-N12409-2-2,12/30/2024,2852.18,2852.18,NETTING,Manual,REF-74579,,overdue,paid,,,,11/4/2024,2/2/2025
N12409,Partner_N12409,INV-N12409-2,INV-N12409-2-SCH-3,3,INVOICE,INV-N12409-2,11/4/2024,EUR,8556.55,2/2/2025,2852.18,PAY-N12409-2-3,1/28/2025,2852.18,2852.18,NETTING,Portal,REF-99533,120.63,overdue,overdue,,,,11/4/2024,12/9/2024
W11224,Partner_W11224,INV-W11224-1,INV-W11224-1-SCH-1,1,INVOICE,INV-W11224-1,11/14/2024,EUR,6935.48,12/14/2024,2311.83,,,,,,,,-113.33,cancelled,paid,,,,11/14/2024,1/18/2025
W11224,Partner_W11224,INV-W11224-1,INV-W11224-1-SCH-2,2,INVOICE,INV-W11224-1,11/14/2024,EUR,6935.48,1/13/2025,2311.83,PAY-W11224-1-2,1/11/2025,2311.83,2311.83,CARD,Manual,REF-22504,,cancelled,partially_paid,,,,11/14/2024,12/24/2024
W11224,Partner_W11224,INV-W11224-1,INV-W11224-1-SCH-3,3,INVOICE,INV-W11224-1,11/14/2024,EUR,6935.48,2/12/2025,2311.83,PAY-W11224-1-3,2/8/2025,2311.83,2311.83,CARD,Portal,REF-17237,84.49,cancelled,partially_paid,,,,11/14/2024,1/16/2025
W11224,Partner_W11224,INV-W11224-2,INV-W11224-2-SCH-1,1,INVOICE,INV-W11224-2,2/3/2024,INR,6396.82,3/4/2024,3198.41,,,,,,,,,cancelled,partially_paid,,,,2/3/2024,2/22/2024
W11224,Partner_W11224,INV-W11224-2,INV-W11224-2-SCH-2,2,INVOICE,INV-W11224-2,2/3/2024,INR,6396.82,4/3/2024,3198.41,,,,,,,,-110.2,cancelled,issued,,,,2/3/2024,3/16/2024
W11224,Partner_W11224,INV-W11224-3,INV-W11224-3-SCH-1,1,INVOICE,INV-W11224-3,9/26/2024,USD,2278.6,10/26/2024,759.53,PAY-W11224-3-1,10/16/2024,759.53,759.53,WALLET,Manual,REF-53753,,cancelled,issued,,,,9/26/2024,12/8/2024
W11224,Partner_W11224,INV-W11224-3,INV-W11224-3-SCH-2,2,INVOICE,INV-W11224-3,9/26/2024,USD,2278.6,11/25/2024,759.53,,,,,,,,,cancelled,partially_paid,,,,9/26/2024,12/22/2024
W11224,Partner_W11224,INV-W11224-3,INV-W11224-3-SCH-3,3,INVOICE,INV-W11224-3,9/26/2024,USD,2278.6,12/25/2024,759.53,PAY-W11224-3-3,12/22/2024,759.53,759.53,CARD,Manual,REF-21843,,cancelled,partially_paid,,,,9/26/2024,12/4/2024
W11224,Partner_W11224,INV-W11224-4,INV-W11224-4-SCH-1,1,INVOICE,INV-W11224-4,12/18/2024,INR,9121.57,1/17/2025,3040.52,PAY-W11224-4-1,1/16/2025,3040.52,3040.52,NETTING,Portal,REF-72033,,issued,paid,,,,12/18/2024,12/23/2024
W11224,Partner_W11224,INV-W11224-4,INV-W11224-4-SCH-2,2,INVOICE,INV-W11224-4,12/18/2024,INR,9121.57,2/16/2025,3040.52,,,,,,,,-3.26,issued,paid,,,,12/18/2024,3/12/2025
W11224,Partner_W11224,INV-W11224-4,INV-W11224-4-SCH-3,3,INVOICE,INV-W11224-4,12/18/2024,INR,9121.57,3/18/2025,3040.52,PAY-W11224-4-3,3/11/2025,3040.52,3040.52,CHEQUE,API,REF-35220,,issued,issued,,,,12/18/2024,12/21/2024
W11224,Partner_W11224,INV-W11224-5,INV-W11224-5-SCH-1,1,INVOICE,INV-W11224-5,5/11/2024,USD,7992.81,6/10/2024,2664.27,,,,,,,,,cancelled,partially_paid,open,PRICING_DISPUTE,,5/11/2024,6/5/2024
W11224,Partner_W11224,INV-W11224-5,INV-W11224-5-SCH-2,2,INVOICE,INV-W11224-5,5/11/2024,USD,7992.81,7/10/2024,2664.27,PAY-W11224-5-2,7/9/2024,2664.27,2664.27,CARD,Manual,REF-29869,,cancelled,partially_paid,,,,5/11/2024,8/2/2024
W11224,Partner_W11224,INV-W11224-5,INV-W11224-5-SCH-3,3,INVOICE,INV-W11224-5,5/11/2024,USD,7992.81,8/9/2024,2664.27,PAY-W11224-5-3,8/3/2024,2664.27,2664.27,CARD,Manual,REF-78643,,cancelled,partially_paid,rejected,PRICING_DISPUTE,,5/11/2024,6/26/2024
S25828,Partner_S25828,INV-S25828-1,INV-S25828-1-SCH-1,1,INVOICE,INV-S25828-1,11/19/2024,USD,7638.39,12/19/2024,3819.2,PAY-S25828-1-1,12/11/2024,3819.2,3819.2,WALLET,API,REF-18925,,overdue,partially_paid,,,,11/19/2024,12/18/2024
S25828,Partner_S25828,INV-S25828-1,INV-S25828-1-SCH-2,2,INVOICE,INV-S25828-1,11/19/2024,USD,7638.39,1/18/2025,3819.2,PAY-S25828-1-2,1/11/2025,3819.2,3819.2,CHEQUE,Portal,REF-26202,,overdue,overdue,,,,11/19/2024,12/16/2024
S25828,Partner_S25828,INV-S25828-2,INV-S25828-2-SCH-1,1,INVOICE,INV-S25828-2,4/9/2024,EUR,3465.84,5/9/2024,1732.92,PAY-S25828-2-1,4/30/2024,1732.92,1732.92,BANK_TRANSFER,Manual,REF-90566,,cancelled,issued,,,,4/9/2024,4/10/2024
S25828,Partner_S25828,INV-S25828-2,INV-S25828-2-SCH-2,2,INVOICE,INV-S25828-2,4/9/2024,EUR,3465.84,6/8/2024,1732.92,PAY-S25828-2-2,6/7/2024,1732.92,1732.92,CHEQUE,Manual,REF-74343,,cancelled,overdue,,,,4/9/2024,4/25/2024
S25828,Partner_S25828,INV-S25828-3,INV-S25828-3-SCH-1,1,INVOICE,INV-S25828-3,10/1/2024,INR,5601.37,10/31/2024,2800.68,PAY-S25828-3-1,10/24/2024,2800.68,2800.68,CHEQUE,Manual,REF-48220,,cancelled,issued,,,,10/1/2024,12/13/2024
S25828,Partner_S25828,INV-S25828-3,INV-S25828-3-SCH-2,2,INVOICE,INV-S25828-3,10/1/2024,INR,5601.37,11/30/2024,2800.68,PAY-S25828-3-2,11/25/2024,2800.68,2800.68,CARD,Portal,REF-29171,,cancelled,paid,,,,10/1/2024,12/14/2024
S25828,Partner_S25828,INV-S25828-4,INV-S25828-4-SCH-1,1,INVOICE,INV-S25828-4,4/9/2024,INR,5829.14,5/9/2024,1943.05,,,,,,,,,partially_paid,issued,rejected,CASH_FLOW,,4/9/2024,6/21/2024
S25828,Partner_S25828,INV-S25828-4,INV-S25828-4-SCH-2,2,INVOICE,INV-S25828-4,4/9/2024,INR,5829.14,6/8/2024,1943.05,,,,,,,,,partially_paid,overdue,,,,4/9/2024,5/31/2024
S25828,Partner_S25828,INV-S25828-4,INV-S25828-4-SCH-3,3,INVOICE,INV-S25828-4,4/9/2024,INR,5829.14,7/8/2024,1943.05,PAY-S25828-4-3,6/28/2024,1943.05,1943.05,CARD,API,REF-18063,,partially_paid,paid,,,,4/9/2024,5/5/2024
S40175,Partner_S40175,INV-S40175-1,INV-S40175-1-SCH-1,1,INVOICE,INV-S40175-1,7/1/2024,USD,7445.48,7/31/2024,7445.48,PAY-S40175-1-1,7/31/2024,7445.48,7445.48,CHEQUE,Manual,REF-28816,,cancelled,partially_paid,rejected,SERVICE_ISSUE,,7/1/2024,7/28/2024
S40175,Partner_S40175,INV-S40175-2,INV-S40175-2-SCH-1,1,INVOICE,INV-S40175-2,3/16/2024,INR,9222.19,4/15/2024,9222.19,,,,,,,,,overdue,paid,,,,3/16/2024,5/1/2024
S40175,Partner_S40175,INV-S40175-3,INV-S40175-3-SCH-1,1,INVOICE,INV-S40175-3,1/28/2024,USD,3378.93,2/27/2024,1126.31,,,,,,,,,partially_paid,issued,,,,1/28/2024,2/25/2024
S40175,Partner_S40175,INV-S40175-3,INV-S40175-3-SCH-2,2,INVOICE,INV-S40175-3,1/28/2024,USD,3378.93,3/28/2024,1126.31,,,,,,,,24.45,partially_paid,issued,,,,1/28/2024,4/1/2024
S40175,Partner_S40175,INV-S40175-3,INV-S40175-3-SCH-3,3,INVOICE,INV-S40175-3,1/28/2024,USD,3378.93,4/27/2024,1126.31,,,,,,,,,partially_paid,partially_paid,,,,1/28/2024,2/24/2024
S40175,Partner_S40175,INV-S40175-4,INV-S40175-4-SCH-1,1,INVOICE,INV-S40175-4,6/1/2024,EUR,6066.41,7/1/2024,3033.2,PAY-S40175-4-1,7/1/2024,3033.2,3033.2,CARD,Manual,REF-31173,,paid,overdue,,,,6/1/2024,8/27/2024
S40175,Partner_S40175,INV-S40175-4,INV-S40175-4-SCH-2,2,INVOICE,INV-S40175-4,6/1/2024,EUR,6066.41,7/31/2024,3033.2,PAY-S40175-4-2,7/28/2024,3033.2,3033.2,NETTING,Manual,REF-23449,,paid,partially_paid,,,,6/1/2024,7/25/2024
W12682,Partner_W12682,INV-W12682-1,INV-W12682-1-SCH-1,1,INVOICE,INV-W12682-1,3/27/2024,EUR,5519.86,4/26/2024,2759.93,PAY-W12682-1-1,4/26/2024,2759.93,2759.93,CHEQUE,Portal,REF-87880,,overdue,overdue,,,,3/27/2024,5/14/2024
W12682,Partner_W12682,INV-W12682-1,INV-W12682-1-SCH-2,2,INVOICE,INV-W12682-1,3/27/2024,EUR,5519.86,5/26/2024,2759.93,PAY-W12682-1-2,5/16/2024,2759.93,2759.93,CARD,API,REF-74194,,overdue,paid,,,,3/27/2024,5/5/2024
W12682,Partner_W12682,INV-W12682-2,INV-W12682-2-SCH-1,1,INVOICE,INV-W12682-2,8/22/2024,EUR,3047.02,9/21/2024,3047.02,PAY-W12682-2-1,9/11/2024,3047.02,3047.02,WALLET,API,REF-61808,,cancelled,paid,,,,8/22/2024,9/11/2024
E11269,Partner_E11269,INV-E11269-1,INV-E11269-1-SCH-1,1,INVOICE,INV-E11269-1,9/11/2024,EUR,2780.66,10/11/2024,2780.66,,,,,,,,,paid,paid,,,,9/11/2024,10/11/2024
E11269,Partner_E11269,INV-E11269-2,INV-E11269-2-SCH-1,1,INVOICE,INV-E11269-2,7/5/2024,EUR,6441.66,8/4/2024,3220.83,PAY-E11269-2-1,8/4/2024,3220.83,3220.83,CHEQUE,Manual,REF-62677,,cancelled,paid,,,,7/5/2024,9/14/2024
E11269,Partner_E11269,INV-E11269-2,INV-E11269-2-SCH-2,2,INVOICE,INV-E11269-2,7/5/2024,EUR,6441.66,9/3/2024,3220.83,PAY-E11269-2-2,9/1/2024,3220.83,3220.83,NETTING,API,REF-46768,,cancelled,overdue,,,,7/5/2024,8/28/2024
E11269,Partner_E11269,INV-E11269-3,INV-E11269-3-SCH-1,1,INVOICE,INV-E11269-3,12/24/2024,INR,4731.12,1/23/2025,4731.12,PAY-E11269-3-1,1/23/2025,4731.12,4731.12,BANK_TRANSFER,API,REF-83566,,cancelled,issued,,,,12/24/2024,2/20/2025
S34937,Partner_S34937,INV-S34937-1,INV-S34937-1-SCH-1,1,INVOICE,INV-S34937-1,4/9/2024,USD,2406.54,5/9/2024,2406.54,PAY-S34937-1-1,4/30/2024,2406.54,2406.54,WALLET,API,REF-68668,,overdue,paid,,,,4/9/2024,5/3/2024
S34937,Partner_S34937,INV-S34937-2,INV-S34937-2-SCH-1,1,INVOICE,INV-S34937-2,2/14/2024,EUR,2932.62,3/15/2024,1466.31,PAY-S34937-2-1,3/14/2024,1466.31,1466.31,NETTING,Portal,REF-44590,,overdue,partially_paid,,,,2/14/2024,2/28/2024
S34937,Partner_S34937,INV-S34937-2,INV-S34937-2-SCH-2,2,INVOICE,INV-S34937-2,2/14/2024,EUR,2932.62,4/14/2024,1466.31,PAY-S34937-2-2,4/7/2024,1466.31,1466.31,CHEQUE,Manual,REF-32543,,overdue,paid,,,,2/14/2024,4/7/2024
S34937,Partner_S34937,INV-S34937-3,INV-S34937-3-SCH-1,1,INVOICE,INV-S34937-3,12/22/2024,INR,5729.55,1/21/2025,1909.85,PAY-S34937-3-1,1/20/2025,1909.85,1909.85,BANK_TRANSFER,Portal,REF-75834,,paid,paid,,,,12/22/2024,3/11/2025
S34937,Partner_S34937,INV-S34937-3,INV-S34937-3-SCH-2,2,INVOICE,INV-S34937-3,12/22/2024,INR,5729.55,2/20/2025,1909.85,PAY-S34937-3-2,2/13/2025,1909.85,1909.85,NETTING,API,REF-27080,,paid,partially_paid,,,,12/22/2024,1/1/2025
S34937,Partner_S34937,INV-S34937-3,INV-S34937-3-SCH-3,3,INVOICE,INV-S34937-3,12/22/2024,INR,5729.55,3/22/2025,1909.85,PAY-S34937-3-3,3/15/2025,1909.85,1909.85,BANK_TRANSFER,API,REF-79964,,paid,paid,,,,12/22/2024,1/26/2025
S34937,Partner_S34937,INV-S34937-4,INV-S34937-4-SCH-1,1,INVOICE,INV-S34937-4,9/3/2024,EUR,9143.69,10/3/2024,4571.85,PAY-S34937-4-1,9/29/2024,4571.85,4571.85,NETTING,Portal,REF-95324,152,cancelled,partially_paid,,,,9/3/2024,9/23/2024
S34937,Partner_S34937,INV-S34937-4,INV-S34937-4-SCH-2,2,INVOICE,INV-S34937-4,9/3/2024,EUR,9143.69,11/2/2024,4571.85,,,,,,,,,cancelled,issued,,,,9/3/2024,10/28/2024
S34937,Partner_S34937,INV-S34937-5,INV-S34937-5-SCH-1,1,INVOICE,INV-S34937-5,4/19/2024,EUR,1354.4,5/19/2024,677.2,PAY-S34937-5-1,5/9/2024,677.2,677.2,BANK_TRANSFER,Manual,REF-38895,,partially_paid,overdue,,,,4/19/2024,6/12/2024
S34937,Partner_S34937,INV-S34937-5,INV-S34937-5-SCH-2,2,INVOICE,INV-S34937-5,4/19/2024,EUR,1354.4,6/18/2024,677.2,PAY-S34937-5-2,6/11/2024,677.2,677.2,CARD,Manual,REF-74285,,partially_paid,paid,,,,4/19/2024,6/8/2024
W93117,Partner_W93117,INV-W93117-1,INV-W93117-1-SCH-1,1,INVOICE,INV-W93117-1,5/17/2024,EUR,9756.87,6/16/2024,3252.29,,,,,,,,,issued,paid,,,,5/17/2024,7/8/2024
W93117,Partner_W93117,INV-W93117-1,INV-W93117-1-SCH-2,2,INVOICE,INV-W93117-1,5/17/2024,EUR,9756.87,7/16/2024,3252.29,PAY-W93117-1-2,7/6/2024,3252.29,3252.29,CHEQUE,Manual,REF-99003,,issued,paid,in_review,CASH_FLOW,,5/17/2024,8/11/2024
W93117,Partner_W93117,INV-W93117-1,INV-W93117-1-SCH-3,3,INVOICE,INV-W93117-1,5/17/2024,EUR,9756.87,8/15/2024,3252.29,PAY-W93117-1-3,8/5/2024,3252.29,3252.29,CARD,API,REF-92125,,issued,partially_paid,,,,5/17/2024,5/31/2024
W93117,Partner_W93117,INV-W93117-2,INV-W93117-2-SCH-1,1,INVOICE,INV-W93117-2,4/8/2024,EUR,3144.5,5/8/2024,3144.5,,,,,,,,,overdue,partially_paid,,,,4/8/2024,4/21/2024
W93117,Partner_W93117,INV-W93117-3,INV-W93117-3-SCH-1,1,INVOICE,INV-W93117-3,9/28/2024,INR,1942.97,10/28/2024,971.49,PAY-W93117-3-1,10/19/2024,971.49,971.49,NETTING,Manual,REF-97942,,paid,paid,,,,9/28/2024,11/6/2024
W93117,Partner_W93117,INV-W93117-3,INV-W93117-3-SCH-2,2,INVOICE,INV-W93117-3,9/28/2024,INR,1942.97,11/27/2024,971.49,,,,,,,,,paid,partially_paid,,,,9/28/2024,12/22/2024
W93117,Partner_W93117,INV-W93117-4,INV-W93117-4-SCH-1,1,INVOICE,INV-W93117-4,8/6/2024,EUR,7564.04,9/5/2024,3782.02,,,,,,,,,cancelled,partially_paid,,,,8/6/2024,8/28/2024
W93117,Partner_W93117,INV-W93117-4,INV-W93117-4-SCH-2,2,INVOICE,INV-W93117-4,8/6/2024,EUR,7564.04,10/5/2024,3782.02,PAY-W93117-4-2,9/30/2024,3782.02,3782.02,NETTING,Portal,REF-72846,,cancelled,issued,,,,8/6/2024,8/12/2024
N60143,Partner_N60143,INV-N60143-1,INV-N60143-1-SCH-1,1,INVOICE,INV-N60143-1,12/1/2024,USD,8031.98,12/31/2024,8031.98,PAY-N60143-1-1,12/22/2024,8031.98,8031.98,CARD,Portal,REF-73859,,cancelled,overdue,,,,12/1/2024,1/12/2025
N60143,Partner_N60143,INV-N60143-2,INV-N60143-2-SCH-1,1,INVOICE,INV-N60143-2,4/2/2024,INR,9527.19,5/2/2024,4763.6,PAY-N60143-2-1,4/27/2024,4763.6,4763.6,WALLET,Portal,REF-45485,14.33,overdue,paid,,,,4/2/2024,4/10/2024
N60143,Partner_N60143,INV-N60143-2,INV-N60143-2-SCH-2,2,INVOICE,INV-N60143-2,4/2/2024,INR,9527.19,6/1/2024,4763.6,PAY-N60143-2-2,5/28/2024,4763.6,4763.6,CHEQUE,Manual,REF-40314,,overdue,paid,,,,4/2/2024,4/26/2024
N60143,Partner_N60143,INV-N60143-3,INV-N60143-3-SCH-1,1,INVOICE,INV-N60143-3,4/14/2024,USD,8284.92,5/14/2024,2761.64,PAY-N60143-3-1,5/7/2024,2761.64,2761.64,BANK_TRANSFER,Portal,REF-14338,,cancelled,partially_paid,,,,4/14/2024,4/18/2024
N60143,Partner_N60143,INV-N60143-3,INV-N60143-3-SCH-2,2,INVOICE,INV-N60143-3,4/14/2024,USD,8284.92,6/13/2024,2761.64,PAY-N60143-3-2,6/12/2024,2761.64,2761.64,CHEQUE,API,REF-59017,,cancelled,partially_paid,,,,4/14/2024,6/19/2024
N60143,Partner_N60143,INV-N60143-3,INV-N60143-3-SCH-3,3,INVOICE,INV-N60143-3,4/14/2024,USD,8284.92,7/13/2024,2761.64,PAY-N60143-3-3,7/8/2024,2761.64,2761.64,WALLET,API,REF-84936,83.84,cancelled,partially_paid,,,,4/14/2024,6/22/2024
N60143,Partner_N60143,INV-N60143-4,INV-N60143-4-SCH-1,1,INVOICE,INV-N60143-4,12/18/2024,USD,5256.04,1/17/2025,2628.02,PAY-N60143-4-1,1/16/2025,2628.02,2628.02,NETTING,Manual,REF-81343,,cancelled,issued,,,,12/18/2024,2/8/2025
N60143,Partner_N60143,INV-N60143-4,INV-N60143-4-SCH-2,2,INVOICE,INV-N60143-4,12/18/2024,USD,5256.04,2/16/2025,2628.02,,,,,,,,-122.12,cancelled,partially_paid,,,,12/18/2024,1/15/2025
W23963,Partner_W23963,INV-W23963-1,INV-W23963-1-SCH-1,1,INVOICE,INV-W23963-1,9/15/2024,EUR,8317.35,10/15/2024,2772.45,PAY-W23963-1-1,10/8/2024,2772.45,2772.45,CARD,API,REF-55083,134.84,issued,issued,,,,9/15/2024,11/20/2024
W23963,Partner_W23963,INV-W23963-1,INV-W23963-1-SCH-2,2,INVOICE,INV-W23963-1,9/15/2024,EUR,8317.35,11/14/2024,2772.45,,,,,,,,,issued,partially_paid,in_review,CASH_FLOW,,9/15/2024,11/13/2024
W23963,Partner_W23963,INV-W23963-1,INV-W23963-1-SCH-3,3,INVOICE,INV-W23963-1,9/15/2024,EUR,8317.35,12/14/2024,2772.45,,,,,,,,,issued,paid,,,,9/15/2024,11/19/2024
W23963,Partner_W23963,INV-W23963-2,INV-W23963-2-SCH-1,1,INVOICE,INV-W23963-2,2/5/2024,USD,3128.9,3/6/2024,1564.45,PAY-W23963-2-1,3/4/2024,1564.45,1564.45,CARD,Portal,REF-81506,,issued,partially_paid,,,,2/5/2024,2/14/2024
W23963,Partner_W23963,INV-W23963-2,INV-W23963-2-SCH-2,2,INVOICE,INV-W23963-2,2/5/2024,USD,3128.9,4/5/2024,1564.45,PAY-W23963-2-2,4/1/2024,1564.45,1564.45,CARD,API,REF-49640,-151.31,issued,issued,,,,2/5/2024,3/30/2024
W23963,Partner_W23963,INV-W23963-3,INV-W23963-3-SCH-1,1,INVOICE,INV-W23963-3,4/10/2024,EUR,9658.49,5/10/2024,4829.24,PAY-W23963-3-1,5/3/2024,4829.24,4829.24,WALLET,API,REF-49761,,cancelled,issued,in_review,PRICING_DISPUTE,,4/10/2024,5/6/2024
W23963,Partner_W23963,INV-W23963-3,INV-W23963-3-SCH-2,2,INVOICE,INV-W23963-3,4/10/2024,EUR,9658.49,6/9/2024,4829.24,PAY-W23963-3-2,5/30/2024,4829.24,4829.24,CHEQUE,Manual,REF-61901,61.43,cancelled,issued,,,,4/10/2024,6/25/2024
S16065,Partner_S16065,INV-S16065-1,INV-S16065-1-SCH-1,1,INVOICE,INV-S16065-1,4/3/2024,USD,9380.27,5/3/2024,9380.27,PAY-S16065-1-1,4/26/2024,9380.27,9380.27,NETTING,Portal,REF-10211,,issued,issued,,,,4/3/2024,5/25/2024
S16065,Partner_S16065,INV-S16065-2,INV-S16065-2-SCH-1,1,INVOICE,INV-S16065-2,1/26/2024,EUR,8350.95,2/25/2024,4175.48,,,,,,,,-90.93,overdue,issued,,,,1/26/2024,4/10/2024
S16065,Partner_S16065,INV-S16065-2,INV-S16065-2-SCH-2,2,INVOICE,INV-S16065-2,1/26/2024,EUR,8350.95,3/26/2024,4175.48,PAY-S16065-2-2,3/24/2024,4175.48,4175.48,NETTING,Portal,REF-95063,-53.5,overdue,partially_paid,,,,1/26/2024,1/29/2024
W53077,Partner_W53077,INV-W53077-1,INV-W53077-1-SCH-1,1,INVOICE,INV-W53077-1,11/1/2024,USD,4287.91,12/1/2024,2143.95,,,,,,,,,overdue,overdue,,,,11/1/2024,1/8/2025
W53077,Partner_W53077,INV-W53077-1,INV-W53077-1-SCH-2,2,INVOICE,INV-W53077-1,11/1/2024,USD,4287.91,12/31/2024,2143.95,PAY-W53077-1-2,12/29/2024,2143.95,2143.95,CHEQUE,API,REF-64372,,overdue,paid,,,,11/1/2024,12/12/2024
W53077,Partner_W53077,INV-W53077-2,INV-W53077-2-SCH-1,1,INVOICE,INV-W53077-2,5/12/2024,USD,7710.56,6/11/2024,3855.28,PAY-W53077-2-1,6/5/2024,3855.28,3855.28,WALLET,API,REF-14296,,partially_paid,partially_paid,,,,5/12/2024,6/13/2024
W53077,Partner_W53077,INV-W53077-2,INV-W53077-2-SCH-2,2,INVOICE,INV-W53077-2,5/12/2024,USD,7710.56,7/11/2024,3855.28,PAY-W53077-2-2,7/9/2024,3855.28,3855.28,NETTING,API,REF-70395,-73.38,partially_paid,overdue,,,,5/12/2024,5/26/2024
W53077,Partner_W53077,INV-W53077-3,INV-W53077-3-SCH-1,1,INVOICE,INV-W53077-3,5/23/2024,EUR,6765.63,6/22/2024,3382.82,PAY-W53077-3-1,6/13/2024,3382.82,3382.82,BANK_TRANSFER,Portal,REF-93857,,overdue,issued,,,,5/23/2024,7/18/2024
W53077,Partner_W53077,INV-W53077-3,INV-W53077-3-SCH-2,2,INVOICE,INV-W53077-3,5/23/2024,EUR,6765.63,7/22/2024,3382.82,PAY-W53077-3-2,7/20/2024,3382.82,3382.82,BANK_TRANSFER,Portal,REF-68410,,overdue,overdue,,,,5/23/2024,7/5/2024
W53077,Partner_W53077,INV-W53077-4,INV-W53077-4-SCH-1,1,INVOICE,INV-W53077-4,5/22/2024,INR,3764.29,6/21/2024,1882.14,PAY-W53077-4-1,6/21/2024,1882.14,1882.14,BANK_TRANSFER,API,REF-64887,,issued,issued,,,,5/22/2024,6/22/2024
W53077,Partner_W53077,INV-W53077-4,INV-W53077-4-SCH-2,2,INVOICE,INV-W53077-4,5/22/2024,INR,3764.29,7/21/2024,1882.14,PAY-W53077-4-2,7/19/2024,1882.14,1882.14,NETTING,Portal,REF-60983,,issued,issued,,,,5/22/2024,5/27/2024
W53077,Partner_W53077,INV-W53077-5,INV-W53077-5-SCH-1,1,INVOICE,INV-W53077-5,1/1/2024,USD,4236.81,1/31/2024,1412.27,PAY-W53077-5-1,1/22/2024,1412.27,1412.27,WALLET,Manual,REF-13878,18.94,partially_paid,overdue,,,,1/1/2024,2/23/2024
W53077,Partner_W53077,INV-W53077-5,INV-W53077-5-SCH-2,2,INVOICE,INV-W53077-5,1/1/2024,USD,4236.81,3/1/2024,1412.27,PAY-W53077-5-2,2/27/2024,1412.27,1412.27,NETTING,API,REF-26177,86.92,partially_paid,issued,,,,1/1/2024,1/12/2024
W53077,Partner_W53077,INV-W53077-5,INV-W53077-5-SCH-3,3,INVOICE,INV-W53077-5,1/1/2024,USD,4236.81,3/31/2024,1412.27,PAY-W53077-5-3,3/21/2024,1412.27,1412.27,WALLET,API,REF-21765,,partially_paid,issued,,,,1/1/2024,3/11/2024
S44179,Partner_S44179,INV-S44179-1,INV-S44179-1-SCH-1,1,INVOICE,INV-S44179-1,10/8/2024,EUR,6990.46,11/7/2024,3495.23,PAY-S44179-1-1,11/6/2024,3495.23,3495.23,NETTING,API,REF-16822,,cancelled,issued,,,,10/8/2024,12/21/2024
S44179,Partner_S44179,INV-S44179-1,INV-S44179-1-SCH-2,2,INVOICE,INV-S44179-1,10/8/2024,EUR,6990.46,12/7/2024,3495.23,PAY-S44179-1-2,12/2/2024,3495.23,3495.23,NETTING,Manual,REF-21890,13.58,cancelled,partially_paid,,,,10/8/2024,12/11/2024
S44179,Partner_S44179,INV-S44179-2,INV-S44179-2-SCH-1,1,INVOICE,INV-S44179-2,8/24/2024,USD,5436.24,9/23/2024,1812.08,,,,,,,,,partially_paid,overdue,,,,8/24/2024,10/1/2024
S44179,Partner_S44179,INV-S44179-2,INV-S44179-2-SCH-2,2,INVOICE,INV-S44179-2,8/24/2024,USD,5436.24,10/23/2024,1812.08,PAY-S44179-2-2,10/17/2024,1812.08,1812.08,CARD,Manual,REF-13967,,partially_paid,issued,,,,8/24/2024,10/9/2024
S44179,Partner_S44179,INV-S44179-2,INV-S44179-2-SCH-3,3,INVOICE,INV-S44179-2,8/24/2024,USD,5436.24,11/22/2024,1812.08,PAY-S44179-2-3,11/22/2024,1812.08,1812.08,CHEQUE,Manual,REF-58147,,partially_paid,paid,,,,8/24/2024,11/6/2024
S44179,Partner_S44179,INV-S44179-3,INV-S44179-3-SCH-1,1,INVOICE,INV-S44179-3,8/20/2024,EUR,9662.65,9/19/2024,3220.88,PAY-S44179-3-1,9/18/2024,3220.88,3220.88,NETTING,API,REF-88258,,paid,issued,,,,8/20/2024,10/15/2024
S44179,Partner_S44179,INV-S44179-3,INV-S44179-3-SCH-2,2,INVOICE,INV-S44179-3,8/20/2024,EUR,9662.65,10/19/2024,3220.88,PAY-S44179-3-2,10/17/2024,3220.88,3220.88,NETTING,API,REF-37532,-29.42,paid,partially_paid,,,,8/20/2024,9/14/2024
S44179,Partner_S44179,INV-S44179-3,INV-S44179-3-SCH-3,3,INVOICE,INV-S44179-3,8/20/2024,EUR,9662.65,11/18/2024,3220.88,PAY-S44179-3-3,11/12/2024,3220.88,3220.88,WALLET,Portal,REF-50707,100.87,paid,overdue,,,,8/20/2024,10/19/2024
S44179,Partner_S44179,INV-S44179-4,INV-S44179-4-SCH-1,1,INVOICE,INV-S44179-4,9/9/2024,EUR,5211.83,10/9/2024,2605.91,PAY-S44179-4-1,10/5/2024,2605.91,2605.91,NETTING,Manual,REF-35096,,paid,overdue,,,,9/9/2024,11/8/2024
S44179,Partner_S44179,INV-S44179-4,INV-S44179-4-SCH-2,2,INVOICE,INV-S44179-4,9/9/2024,EUR,5211.83,11/8/2024,2605.91,PAY-S44179-4-2,10/31/2024,2605.91,2605.91,CARD,Manual,REF-77833,,paid,overdue,,,,9/9/2024,11/14/2024
W50331,Partner_W50331,INV-W50331-1,INV-W50331-1-SCH-1,1,INVOICE,INV-W50331-1,3/15/2024,USD,1259.68,4/14/2024,419.89,PAY-W50331-1-1,4/4/2024,419.89,419.89,CHEQUE,Portal,REF-29817,-137.12,paid,partially_paid,,,,3/15/2024,4/17/2024
W50331,Partner_W50331,INV-W50331-1,INV-W50331-1-SCH-2,2,INVOICE,INV-W50331-1,3/15/2024,USD,1259.68,5/14/2024,419.89,PAY-W50331-1-2,5/5/2024,419.89,419.89,BANK_TRANSFER,API,REF-25724,,paid,partially_paid,,,,3/15/2024,5/13/2024
W50331,Partner_W50331,INV-W50331-1,INV-W50331-1-SCH-3,3,INVOICE,INV-W50331-1,3/15/2024,USD,1259.68,6/13/2024,419.89,PAY-W50331-1-3,6/3/2024,419.89,419.89,WALLET,Portal,REF-80753,,paid,overdue,,,,3/15/2024,5/25/2024
W50331,Partner_W50331,INV-W50331-2,INV-W50331-2-SCH-1,1,INVOICE,INV-W50331-2,2/5/2024,INR,8099.28,3/6/2024,8099.28,PAY-W50331-2-1,3/2/2024,8099.28,8099.28,NETTING,API,REF-32831,,overdue,issued,rejected,PRICING_DISPUTE,,2/5/2024,5/5/2024
NH0227,Partner_NH0227,INV-NH0227-1,INV-NH0227-1-SCH-1,1,INVOICE,INV-NH0227-1,1/21/2024,EUR,9655.67,2/20/2024,9655.67,,,,,,,,,partially_paid,overdue,,,,1/21/2024,1/22/2024
NH0227,Partner_NH0227,INV-NH0227-2,INV-NH0227-2-SCH-1,1,INVOICE,INV-NH0227-2,4/10/2024,INR,6204.94,5/10/2024,6204.94,PAY-NH0227-2-1,4/30/2024,6204.94,6204.94,WALLET,Manual,REF-59061,,issued,partially_paid,,,,4/10/2024,4/11/2024
NH0227,Partner_NH0227,INV-NH0227-3,INV-NH0227-3-SCH-1,1,INVOICE,INV-NH0227-3,1/25/2024,USD,1217.02,2/24/2024,1217.02,PAY-NH0227-3-1,2/14/2024,1217.02,1217.02,BANK_TRANSFER,Manual,REF-36653,,cancelled,partially_paid,,,,1/25/2024,1/29/2024
NH0227,Partner_NH0227,INV-NH0227-4,INV-NH0227-4-SCH-1,1,INVOICE,INV-NH0227-4,9/23/2024,INR,3583.64,10/23/2024,1194.55,PAY-NH0227-4-1,10/15/2024,1194.55,1194.55,BANK_TRANSFER,Manual,REF-10535,,paid,overdue,,,,9/23/2024,10/11/2024
NH0227,Partner_NH0227,INV-NH0227-4,INV-NH0227-4-SCH-2,2,INVOICE,INV-NH0227-4,9/23/2024,INR,3583.64,11/22/2024,1194.55,,,,,,,,,paid,issued,,,,9/23/2024,9/28/2024
NH0227,Partner_NH0227,INV-NH0227-4,INV-NH0227-4-SCH-3,3,INVOICE,INV-NH0227-4,9/23/2024,INR,3583.64,12/22/2024,1194.55,PAY-NH0227-4-3,12/16/2024,1194.55,1194.55,CARD,API,REF-65045,,paid,paid,,,,9/23/2024,12/5/2024
NH0227,Partner_NH0227,INV-NH0227-5,INV-NH0227-5-SCH-1,1,INVOICE,INV-NH0227-5,8/10/2024,EUR,8574.27,9/9/2024,4287.14,PAY-NH0227-5-1,9/4/2024,4287.14,4287.14,NETTING,Portal,REF-59485,,cancelled,partially_paid,,,,8/10/2024,10/9/2024
NH0227,Partner_NH0227,INV-NH0227-5,INV-NH0227-5-SCH-2,2,INVOICE,INV-NH0227-5,8/10/2024,EUR,8574.27,10/9/2024,4287.14,PAY-NH0227-5-2,10/5/2024,4287.14,4287.14,WALLET,API,REF-86060,-125.43,cancelled,partially_paid,,,,8/10/2024,9/21/2024
NH0729,Partner_NH0729,INV-NH0729-1,INV-NH0729-1-SCH-1,1,INVOICE,INV-NH0729-1,7/7/2024,INR,7890.47,8/6/2024,7890.47,,,,,,,,,overdue,partially_paid,,,,7/7/2024,9/2/2024
NH0729,Partner_NH0729,INV-NH0729-2,INV-NH0729-2-SCH-1,1,INVOICE,INV-NH0729-2,1/8/2024,USD,6911.63,2/7/2024,3455.82,PAY-NH0729-2-1,2/6/2024,3455.82,3455.82,WALLET,API,REF-65823,-164.69,cancelled,overdue,,,,1/8/2024,3/10/2024
NH0729,Partner_NH0729,INV-NH0729-2,INV-NH0729-2-SCH-2,2,INVOICE,INV-NH0729-2,1/8/2024,USD,6911.63,3/8/2024,3455.82,PAY-NH0729-2-2,3/8/2024,3455.82,3455.82,BANK_TRANSFER,Manual,REF-82544,,cancelled,overdue,,,,1/8/2024,1/17/2024
NH0729,Partner_NH0729,INV-NH0729-3,INV-NH0729-3-SCH-1,1,INVOICE,INV-NH0729-3,3/28/2024,EUR,4417.58,4/27/2024,4417.58,,,,,,,,,issued,overdue,,,,3/28/2024,4/10/2024
NH0729,Partner_NH0729,INV-NH0729-4,INV-NH0729-4-SCH-1,1,INVOICE,INV-NH0729-4,3/24/2024,INR,6039.54,4/23/2024,3019.77,,,,,,,,,paid,paid,,,,3/24/2024,4/3/2024
NH0729,Partner_NH0729,INV-NH0729-4,INV-NH0729-4-SCH-2,2,INVOICE,INV-NH0729-4,3/24/2024,INR,6039.54,5/23/2024,3019.77,,,,,,,,,paid,paid,,,,3/24/2024,6/1/2024
N13775,Partner_N13775,INV-N13775-1,INV-N13775-1-SCH-1,1,INVOICE,INV-N13775-1,10/4/2024,USD,4226.62,11/3/2024,4226.62,PAY-N13775-1-1,10/26/2024,4226.62,4226.62,CHEQUE,Manual,REF-36572,,cancelled,paid,open,SERVICE_ISSUE,,10/4/2024,11/4/2024
N13775,Partner_N13775,INV-N13775-2,INV-N13775-2-SCH-1,1,INVOICE,INV-N13775-2,12/10/2024,USD,6963.04,1/9/2025,6963.04,PAY-N13775-2-1,1/3/2025,6963.04,6963.04,CHEQUE,Manual,REF-44606,,issued,paid,,,,12/10/2024,2/6/2025
W14310,Partner_W14310,INV-W14310-1,INV-W14310-1-SCH-1,1,INVOICE,INV-W14310-1,2/12/2024,USD,8755.53,3/13/2024,8755.53,PAY-W14310-1-1,3/12/2024,8755.53,8755.53,NETTING,API,REF-46277,85.73,paid,overdue,,,,2/12/2024,4/24/2024
W14310,Partner_W14310,INV-W14310-2,INV-W14310-2-SCH-1,1,INVOICE,INV-W14310-2,12/17/2024,EUR,9879.2,1/16/2025,3293.07,,,,,,,,,issued,partially_paid,,,,12/17/2024,2/11/2025
W14310,Partner_W14310,INV-W14310-2,INV-W14310-2-SCH-2,2,INVOICE,INV-W14310-2,12/17/2024,EUR,9879.2,2/15/2025,3293.07,,,,,,,,,issued,paid,,,,12/17/2024,1/21/2025
W14310,Partner_W14310,INV-W14310-2,INV-W14310-2-SCH-3,3,INVOICE,INV-W14310-2,12/17/2024,EUR,9879.2,3/17/2025,3293.07,PAY-W14310-2-3,3/7/2025,3293.07,3293.07,WALLET,API,REF-20863,,issued,paid,,,,12/17/2024,3/2/2025
W14310,Partner_W14310,INV-W14310-3,INV-W14310-3-SCH-1,1,INVOICE,INV-W14310-3,11/15/2024,EUR,9292.54,12/15/2024,9292.54,PAY-W14310-3-1,12/13/2024,9292.54,9292.54,CARD,Portal,REF-80869,,issued,issued,,,,11/15/2024,11/21/2024
W23673,Partner_W23673,INV-W23673-1,INV-W23673-1-SCH-1,1,INVOICE,INV-W23673-1,2/25/2024,INR,3918.86,3/26/2024,1306.29,,,,,,,,,overdue,overdue,,,,2/25/2024,3/21/2024
W23673,Partner_W23673,INV-W23673-1,INV-W23673-1-SCH-2,2,INVOICE,INV-W23673-1,2/25/2024,INR,3918.86,4/25/2024,1306.29,PAY-W23673-1-2,4/21/2024,1306.29,1306.29,NETTING,Portal,REF-71230,,overdue,paid,,,,2/25/2024,2/29/2024
W23673,Partner_W23673,INV-W23673-1,INV-W23673-1-SCH-3,3,INVOICE,INV-W23673-1,2/25/2024,INR,3918.86,5/25/2024,1306.29,PAY-W23673-1-3,5/24/2024,1306.29,1306.29,BANK_TRANSFER,Portal,REF-46350,,overdue,partially_paid,rejected,PRICING_DISPUTE,,2/25/2024,3/16/2024
W23673,Partner_W23673,INV-W23673-2,INV-W23673-2-SCH-1,1,INVOICE,INV-W23673-2,3/9/2024,USD,3207.77,4/8/2024,1603.88,PAY-W23673-2-1,4/5/2024,1603.88,1603.88,CARD,Portal,REF-36600,,partially_paid,overdue,,,,3/9/2024,4/11/2024
W23673,Partner_W23673,INV-W23673-2,INV-W23673-2-SCH-2,2,INVOICE,INV-W23673-2,3/9/2024,USD,3207.77,5/8/2024,1603.88,PAY-W23673-2-2,5/2/2024,1603.88,1603.88,NETTING,Portal,REF-72626,,partially_paid,paid,,,,3/9/2024,5/27/2024
W23673,Partner_W23673,INV-W23673-3,INV-W23673-3-SCH-1,1,INVOICE,INV-W23673-3,2/3/2024,INR,7849.92,3/4/2024,2616.64,PAY-W23673-3-1,2/25/2024,2616.64,2616.64,WALLET,Portal,REF-32166,,partially_paid,paid,,,,2/3/2024,4/27/2024
W23673,Partner_W23673,INV-W23673-3,INV-W23673-3-SCH-2,2,INVOICE,INV-W23673-3,2/3/2024,INR,7849.92,4/3/2024,2616.64,PAY-W23673-3-2,3/31/2024,2616.64,2616.64,CHEQUE,Manual,REF-56299,-129.43,partially_paid,paid,,,,2/3/2024,2/13/2024
W23673,Partner_W23673,INV-W23673-3,INV-W23673-3-SCH-3,3,INVOICE,INV-W23673-3,2/3/2024,INR,7849.92,5/3/2024,2616.64,PAY-W23673-3-3,4/29/2024,2616.64,2616.64,CARD,API,REF-44060,,partially_paid,issued,,,,2/3/2024,2/27/2024
W23673,Partner_W23673,INV-W23673-4,INV-W23673-4-SCH-1,1,INVOICE,INV-W23673-4,9/27/2024,EUR,9961.61,10/27/2024,3320.54,,,,,,,,55.88,overdue,partially_paid,,,,9/27/2024,11/14/2024
W23673,Partner_W23673,INV-W23673-4,INV-W23673-4-SCH-2,2,INVOICE,INV-W23673-4,9/27/2024,EUR,9961.61,11/26/2024,3320.54,PAY-W23673-4-2,11/26/2024,3320.54,3320.54,NETTING,API,REF-42931,,overdue,paid,,,,9/27/2024,11/10/2024
W23673,Partner_W23673,INV-W23673-4,INV-W23673-4-SCH-3,3,INVOICE,INV-W23673-4,9/27/2024,EUR,9961.61,12/26/2024,3320.54,PAY-W23673-4-3,12/25/2024,3320.54,3320.54,NETTING,API,REF-26560,,overdue,partially_paid,,,,9/27/2024,12/20/2024
N15484,Partner_N15484,INV-N15484-1,INV-N15484-1-SCH-1,1,INVOICE,INV-N15484-1,12/26/2024,USD,1268.61,1/25/2025,634.3,PAY-N15484-1-1,1/15/2025,634.3,634.3,WALLET,Portal,REF-57835,-158.51,issued,paid,,,,12/26/2024,1/2/2025
N15484,Partner_N15484,INV-N15484-1,INV-N15484-1-SCH-2,2,INVOICE,INV-N15484-1,12/26/2024,USD,1268.61,2/24/2025,634.3,PAY-N15484-1-2,2/15/2025,634.3,634.3,CHEQUE,API,REF-98496,,issued,paid,,,,12/26/2024,3/8/2025
N15484,Partner_N15484,INV-N15484-2,INV-N15484-2-SCH-1,1,INVOICE,INV-N15484-2,2/18/2024,USD,9008.33,3/19/2024,9008.33,PAY-N15484-2-1,3/17/2024,9008.33,9008.33,BANK_TRANSFER,API,REF-82911,,paid,issued,,,,2/18/2024,3/17/2024
N15484,Partner_N15484,INV-N15484-3,INV-N15484-3-SCH-1,1,INVOICE,INV-N15484-3,10/15/2024,INR,6669.25,11/14/2024,6669.25,PAY-N15484-3-1,11/9/2024,6669.25,6669.25,CHEQUE,Manual,REF-97911,,partially_paid,overdue,,,,10/15/2024,10/29/2024
W21577,Partner_W21577,INV-W21577-1,INV-W21577-1-SCH-1,1,INVOICE,INV-W21577-1,6/22/2024,INR,7740.73,7/22/2024,3870.36,PAY-W21577-1-1,7/17/2024,3870.36,3870.36,BANK_TRANSFER,API,REF-40422,,paid,overdue,,,,6/22/2024,6/28/2024
W21577,Partner_W21577,INV-W21577-1,INV-W21577-1-SCH-2,2,INVOICE,INV-W21577-1,6/22/2024,INR,7740.73,8/21/2024,3870.36,PAY-W21577-1-2,8/15/2024,3870.36,3870.36,NETTING,Manual,REF-53534,,paid,issued,,,,6/22/2024,6/30/2024
W21577,Partner_W21577,INV-W21577-2,INV-W21577-2-SCH-1,1,INVOICE,INV-W21577-2,1/12/2024,EUR,5651.16,2/11/2024,5651.16,,,,,,,,,paid,overdue,,,,1/12/2024,3/15/2024
S16064,Partner_S16064,INV-S16064-1,INV-S16064-1-SCH-1,1,INVOICE,INV-S16064-1,1/11/2024,EUR,6405.08,2/10/2024,2135.03,PAY-S16064-1-1,2/5/2024,2135.03,2135.03,CARD,Portal,REF-12617,-167.1,paid,issued,,,,1/11/2024,1/31/2024
S16064,Partner_S16064,INV-S16064-1,INV-S16064-1-SCH-2,2,INVOICE,INV-S16064-1,1/11/2024,EUR,6405.08,3/11/2024,2135.03,PAY-S16064-1-2,3/11/2024,2135.03,2135.03,NETTING,Portal,REF-75919,-70.4,paid,paid,,,,1/11/2024,3/19/2024
S16064,Partner_S16064,INV-S16064-1,INV-S16064-1-SCH-3,3,INVOICE,INV-S16064-1,1/11/2024,EUR,6405.08,4/10/2024,2135.03,,,,,,,,,paid,paid,,,,1/11/2024,1/19/2024
S16064,Partner_S16064,INV-S16064-2,INV-S16064-2-SCH-1,1,INVOICE,INV-S16064-2,11/7/2024,USD,2039.93,12/7/2024,1019.97,PAY-S16064-2-1,12/2/2024,1019.97,1019.97,CHEQUE,Manual,REF-32601,,paid,issued,resolved,PRICING_DISPUTE,,11/7/2024,12/13/2024
S16064,Partner_S16064,INV-S16064-2,INV-S16064-2-SCH-2,2,INVOICE,INV-S16064-2,11/7/2024,USD,2039.93,1/6/2025,1019.97,,,,,,,,113.89,paid,issued,,,,11/7/2024,12/29/2024
S16064,Partner_S16064,INV-S16064-3,INV-S16064-3-SCH-1,1,INVOICE,INV-S16064-3,9/15/2024,INR,2285.48,10/15/2024,2285.48,PAY-S16064-3-1,10/13/2024,2285.48,2285.48,NETTING,Portal,REF-81634,,paid,partially_paid,,,,9/15/2024,12/10/2024
S16064,Partner_S16064,INV-S16064-4,INV-S16064-4-SCH-1,1,INVOICE,INV-S16064-4,1/20/2024,INR,4956.19,2/19/2024,2478.09,PAY-S16064-4-1,2/11/2024,2478.09,2478.09,CARD,Portal,REF-63465,,issued,partially_paid,,,,1/20/2024,4/17/2024
S16064,Partner_S16064,INV-S16064-4,INV-S16064-4-SCH-2,2,INVOICE,INV-S16064-4,1/20/2024,INR,4956.19,3/20/2024,2478.09,PAY-S16064-4-2,3/19/2024,2478.09,2478.09,CARD,Manual,REF-27273,143.69,issued,issued,,,,1/20/2024,2/16/2024
S16064,Partner_S16064,INV-S16064-5,INV-S16064-5-SCH-1,1,INVOICE,INV-S16064-5,5/12/2024,INR,7590.19,6/11/2024,7590.19,PAY-S16064-5-1,6/7/2024,7590.19,7590.19,WALLET,API,REF-55242,,overdue,overdue,,,,5/12/2024,6/16/2024
N13774,Partner_N13774,INV-N13774-1,INV-N13774-1-SCH-1,1,INVOICE,INV-N13774-1,11/21/2024,EUR,5801.26,12/21/2024,1933.75,PAY-N13774-1-1,12/20/2024,1933.75,1933.75,CHEQUE,API,REF-39152,54.97,issued,paid,,,,11/21/2024,11/28/2024
N13774,Partner_N13774,INV-N13774-1,INV-N13774-1-SCH-2,2,INVOICE,INV-N13774-1,11/21/2024,EUR,5801.26,1/20/2025,1933.75,PAY-N13774-1-2,1/17/2025,1933.75,1933.75,CHEQUE,API,REF-56850,-150.46,issued,overdue,,,,11/21/2024,1/17/2025
N13774,Partner_N13774,INV-N13774-1,INV-N13774-1-SCH-3,3,INVOICE,INV-N13774-1,11/21/2024,EUR,5801.26,2/19/2025,1933.75,PAY-N13774-1-3,2/19/2025,1933.75,1933.75,CARD,Manual,REF-35716,,issued,overdue,,,,11/21/2024,2/18/2025
N13774,Partner_N13774,INV-N13774-2,INV-N13774-2-SCH-1,1,INVOICE,INV-N13774-2,9/28/2024,EUR,1369.1,10/28/2024,456.37,PAY-N13774-2-1,10/24/2024,456.37,456.37,CARD,Manual,REF-19846,,issued,issued,,,,9/28/2024,10/27/2024
N13774,Partner_N13774,INV-N13774-2,INV-N13774-2-SCH-2,2,INVOICE,INV-N13774-2,9/28/2024,EUR,1369.1,11/27/2024,456.37,,,,,,,,,issued,overdue,,,,9/28/2024,11/8/2024
N13774,Partner_N13774,INV-N13774-2,INV-N13774-2-SCH-3,3,INVOICE,INV-N13774-2,9/28/2024,EUR,1369.1,12/27/2024,456.37,PAY-N13774-2-3,12/18/2024,456.37,456.37,NETTING,API,REF-70432,,issued,paid,,,,9/28/2024,12/10/2024
N13774,Partner_N13774,INV-N13774-3,INV-N13774-3-SCH-1,1,INVOICE,INV-N13774-3,9/7/2024,EUR,9754.81,10/7/2024,9754.81,PAY-N13774-3-1,10/5/2024,9754.81,9754.81,BANK_TRANSFER,API,REF-12090,,paid,overdue,resolved,PRICING_DISPUTE,,9/7/2024,11/5/2024
NH0831,Partner_NH0831,INV-NH0831-1,INV-NH0831-1-SCH-1,1,INVOICE,INV-NH0831-1,3/26/2024,USD,6167.47,4/25/2024,3083.74,,,,,,,,,paid,partially_paid,,,,3/26/2024,3/27/2024
NH0831,Partner_NH0831,INV-NH0831-1,INV-NH0831-1-SCH-2,2,INVOICE,INV-NH0831-1,3/26/2024,USD,6167.47,5/25/2024,3083.74,PAY-NH0831-1-2,5/24/2024,3083.74,3083.74,WALLET,API,REF-49336,,paid,partially_paid,,,,3/26/2024,6/20/2024
NH0831,Partner_NH0831,INV-NH0831-2,INV-NH0831-2-SCH-1,1,INVOICE,INV-NH0831-2,6/18/2024,EUR,2718.25,7/18/2024,1359.12,PAY-NH0831-2-1,7/8/2024,1359.12,1359.12,CHEQUE,Portal,REF-31319,,cancelled,overdue,,,,6/18/2024,7/5/2024
NH0831,Partner_NH0831,INV-NH0831-2,INV-NH0831-2-SCH-2,2,INVOICE,INV-NH0831-2,6/18/2024,EUR,2718.25,8/17/2024,1359.12,PAY-NH0831-2-2,8/7/2024,1359.12,1359.12,NETTING,Manual,REF-92697,,cancelled,overdue,,,,6/18/2024,9/13/2024
NH0831,Partner_NH0831,INV-NH0831-3,INV-NH0831-3-SCH-1,1,INVOICE,INV-NH0831-3,3/15/2024,EUR,9538.62,4/14/2024,4769.31,PAY-NH0831-3-1,4/10/2024,4769.31,4769.31,CHEQUE,API,REF-62455,,partially_paid,overdue,,,,3/15/2024,4/9/2024
NH0831,Partner_NH0831,INV-NH0831-3,INV-NH0831-3-SCH-2,2,INVOICE,INV-NH0831-3,3/15/2024,EUR,9538.62,5/14/2024,4769.31,PAY-NH0831-3-2,5/4/2024,4769.31,4769.31,CARD,API,REF-75266,,partially_paid,issued,,,,3/15/2024,3/22/2024
NH0831,Partner_NH0831,INV-NH0831-4,INV-NH0831-4-SCH-1,1,INVOICE,INV-NH0831-4,12/13/2024,EUR,5737.45,1/12/2025,1912.48,PAY-NH0831-4-1,1/10/2025,1912.48,1912.48,BANK_TRANSFER,Portal,REF-55766,185.59,issued,paid,,,,12/13/2024,2/8/2025
NH0831,Partner_NH0831,INV-NH0831-4,INV-NH0831-4-SCH-2,2,INVOICE,INV-NH0831-4,12/13/2024,EUR,5737.45,2/11/2025,1912.48,PAY-NH0831-4-2,2/7/2025,1912.48,1912.48,CHEQUE,API,REF-19510,,issued,overdue,,,,12/13/2024,1/22/2025
NH0831,Partner_NH0831,INV-NH0831-4,INV-NH0831-4-SCH-3,3,INVOICE,INV-NH0831-4,12/13/2024,EUR,5737.45,3/13/2025,1912.48,PAY-NH0831-4-3,3/10/2025,1912.48,1912.48,CHEQUE,API,REF-34792,,issued,overdue,,,,12/13/2024,3/12/2025
NH0831,Partner_NH0831,INV-NH0831-5,INV-NH0831-5-SCH-1,1,INVOICE,INV-NH0831-5,4/3/2024,USD,1950.41,5/3/2024,650.14,PAY-NH0831-5-1,4/23/2024,650.14,650.14,CARD,Manual,REF-78419,,issued,issued,,,,4/3/2024,4/14/2024
NH0831,Partner_NH0831,INV-NH0831-5,INV-NH0831-5-SCH-2,2,INVOICE,INV-NH0831-5,4/3/2024,USD,1950.41,6/2/2024,650.14,PAY-NH0831-5-2,5/28/2024,650.14,650.14,WALLET,API,REF-68939,,issued,partially_paid,,,,4/3/2024,4/22/2024
NH0831,Partner_NH0831,INV-NH0831-5,INV-NH0831-5-SCH-3,3,INVOICE,INV-NH0831-5,4/3/2024,USD,1950.41,7/2/2024,650.14,PAY-NH0831-5-3,6/25/2024,650.14,650.14,CHEQUE,Portal,REF-51181,,issued,partially_paid,,,,4/3/2024,7/2/2024
N15407,Partner_N15407,INV-N15407-1,INV-N15407-1-SCH-1,1,INVOICE,INV-N15407-1,7/5/2024,INR,3277.45,8/4/2024,3277.45,,,,,,,,,paid,partially_paid,,,,7/5/2024,8/2/2024
N15407,Partner_N15407,INV-N15407-2,INV-N15407-2-SCH-1,1,INVOICE,INV-N15407-2,1/2/2024,USD,1461.33,2/1/2024,730.66,PAY-N15407-2-1,1/26/2024,730.66,730.66,CHEQUE,API,REF-53639,,overdue,paid,,,,1/2/2024,1/27/2024
N15407,Partner_N15407,INV-N15407-2,INV-N15407-2-SCH-2,2,INVOICE,INV-N15407-2,1/2/2024,USD,1461.33,3/2/2024,730.66,PAY-N15407-2-2,3/1/2024,730.66,730.66,WALLET,API,REF-28257,,overdue,paid,,,,1/2/2024,3/15/2024
N15407,Partner_N15407,INV-N15407-3,INV-N15407-3-SCH-1,1,INVOICE,INV-N15407-3,2/17/2024,EUR,7617.78,3/18/2024,7617.78,PAY-N15407-3-1,3/15/2024,7617.78,7617.78,CARD,API,REF-45873,,paid,issued,,,,2/17/2024,3/5/2024
N15407,Partner_N15407,INV-N15407-4,INV-N15407-4-SCH-1,1,INVOICE,INV-N15407-4,5/21/2024,USD,1771.44,6/20/2024,885.72,PAY-N15407-4-1,6/16/2024,885.72,885.72,WALLET,Portal,REF-67143,52.98,issued,partially_paid,,,,5/21/2024,7/27/2024
N15407,Partner_N15407,INV-N15407-4,INV-N15407-4-SCH-2,2,INVOICE,INV-N15407-4,5/21/2024,USD,1771.44,7/20/2024,885.72,PAY-N15407-4-2,7/11/2024,885.72,885.72,NETTING,API,REF-67039,,issued,partially_paid,,,,5/21/2024,6/9/2024
N15375,Partner_N15375,INV-N15375-1,INV-N15375-1-SCH-1,1,INVOICE,INV-N15375-1,6/6/2024,INR,9570.83,7/6/2024,9570.83,PAY-N15375-1-1,6/30/2024,9570.83,9570.83,CHEQUE,Manual,REF-43157,-37.31,overdue,paid,,,,6/6/2024,7/6/2024
N15375,Partner_N15375,INV-N15375-2,INV-N15375-2-SCH-1,1,INVOICE,INV-N15375-2,4/4/2024,USD,4244.22,5/4/2024,4244.22,PAY-N15375-2-1,4/28/2024,4244.22,4244.22,BANK_TRANSFER,Portal,REF-19839,,paid,overdue,,,,4/4/2024,6/5/2024
N15375,Partner_N15375,INV-N15375-3,INV-N15375-3-SCH-1,1,INVOICE,INV-N15375-3,11/12/2024,USD,8479.91,12/12/2024,4239.95,PAY-N15375-3-1,12/4/2024,4239.95,4239.95,WALLET,API,REF-94915,,paid,paid,,,,11/12/2024,1/16/2025
N15375,Partner_N15375,INV-N15375-3,INV-N15375-3-SCH-2,2,INVOICE,INV-N15375-3,11/12/2024,USD,8479.91,1/11/2025,4239.95,PAY-N15375-3-2,1/8/2025,4239.95,4239.95,CARD,Manual,REF-91679,,paid,paid,,,,11/12/2024,12/17/2024
N15118,Partner_N15118,INV-N15118-1,INV-N15118-1-SCH-1,1,INVOICE,INV-N15118-1,8/25/2024,EUR,7887.27,9/24/2024,2629.09,PAY-N15118-1-1,9/21/2024,2629.09,2629.09,WALLET,API,REF-11274,,paid,paid,rejected,SERVICE_ISSUE,,8/25/2024,11/23/2024
N15118,Partner_N15118,INV-N15118-1,INV-N15118-1-SCH-2,2,INVOICE,INV-N15118-1,8/25/2024,EUR,7887.27,10/24/2024,2629.09,,,,,,,,,paid,issued,,,,8/25/2024,9/29/2024
N15118,Partner_N15118,INV-N15118-1,INV-N15118-1-SCH-3,3,INVOICE,INV-N15118-1,8/25/2024,EUR,7887.27,11/23/2024,2629.09,PAY-N15118-1-3,11/19/2024,2629.09,2629.09,WALLET,API,REF-44538,,paid,partially_paid,,,,8/25/2024,9/23/2024
N15118,Partner_N15118,INV-N15118-2,INV-N15118-2-SCH-1,1,INVOICE,INV-N15118-2,1/8/2024,EUR,6968.46,2/7/2024,6968.46,PAY-N15118-2-1,1/31/2024,6968.46,6968.46,NETTING,API,REF-61397,,issued,overdue,,,,1/8/2024,2/17/2024
N15118,Partner_N15118,INV-N15118-3,INV-N15118-3-SCH-1,1,INVOICE,INV-N15118-3,2/17/2024,USD,4253.14,3/18/2024,4253.14,PAY-N15118-3-1,3/15/2024,4253.14,4253.14,CHEQUE,Portal,REF-21173,,paid,paid,,,,2/17/2024,3/20/2024
